Instrument,Close Price,Open Price,VWAP,Low Price,High Price,Date
NVDA.O,531.4,524.01,531.2899,516.9,543.25,2024-01-09
NVDA.O,543.5,536.16,541.7549,534.89,546.0,2024-01-10
NVDA.O,548.22,549.99,545.8578,535.6,553.46,2024-01-11
NVDA.O,547.1,546.2,546.7279,543.3008,549.7,2024-01-12
NVDA.O,563.82,550.18,561.395,549.0,568.3499,2024-01-16
NVDA.O,560.53,563.47,556.4505,547.4,564.7068,2024-01-17
NVDA.O,571.07,572.6,570.7046,561.07,576.0,2024-01-18
NVDA.O,594.91,579.89,585.295,572.25,595.0,2024-01-19
NVDA.O,596.54,600.49,597.7044,590.7,603.31,2024-01-22
NVDA.O,598.73,595.7,594.5561,585.85,599.1,2024-01-23
NVDA.O,613.62,603.04,617.3956,599.38,628.49,2024-01-24
NVDA.O,616.17,623.5,619.2763,608.5,627.19,2024-01-25
NVDA.O,610.31,609.6,611.5766,605.73,617.83,2024-01-26
NVDA.O,624.65,612.32,617.8963,609.07,624.89,2024-01-29
NVDA.O,627.74,629.0,629.0528,622.6,634.93,2024-01-30
NVDA.O,615.27,614.4,615.0939,607.0,622.6902,2024-01-31
NVDA.O,630.27,621.0,624.2196,616.5,631.91,2024-02-01
NVDA.O,661.6,639.74,656.299,636.9,666.0,2024-02-02
NVDA.O,693.32,682.25,686.5154,672.05,694.97,2024-02-05
NVDA.O,682.23,696.3,677.6248,663.0,697.5399,2024-02-06
NVDA.O,700.99,683.19,692.4664,676.0,702.2,2024-02-07
NVDA.O,696.41,700.74,701.1417,694.55,707.94,2024-02-08
NVDA.O,721.33,705.33,714.8487,702.12,721.85,2024-02-09
NVDA.O,722.48,726.0,729.0866,712.5,746.11,2024-02-12
NVDA.O,721.28,704.0,719.9786,696.2,734.5,2024-02-13
NVDA.O,739.0,732.02,732.3058,719.38,742.36,2024-02-14
NVDA.O,726.58,738.69,730.0672,724.0,739.75,2024-02-15
NVDA.O,726.13,741.0,734.3651,725.01,744.02,2024-02-16
NVDA.O,694.52,719.47,689.759,677.34,719.56,2024-02-20
NVDA.O,674.72,680.06,674.8737,662.48,688.88,2024-02-21
NVDA.O,785.38,750.25,773.2294,742.2,785.75,2024-02-22
NVDA.O,788.17,807.9,799.1219,775.7,823.94,2024-02-23
NVDA.O,790.92,797.0,795.7792,785.05,806.4599,2024-02-26
NVDA.O,787.01,793.81,787.5576,771.62,794.8,2024-02-27
NVDA.O,776.63,776.2,779.6046,771.25,789.33,2024-02-28
NVDA.O,791.12,790.94,792.9693,783.5,799.9,2024-02-29
NVDA.O,822.79,800.0,813.7108,794.3503,823.0,2024-03-01
NVDA.O,852.37,841.3,857.9075,837.19,876.95,2024-03-04
NVDA.O,859.64,852.7,849.2827,834.1701,860.97,2024-03-05
NVDA.O,887.0,880.22,884.843,870.3001,897.24,2024-03-06
NVDA.O,468.06,461.96,464.3538,460.5,468.59,2023-10-11
NVDA.O,469.45,467.77,470.8689,463.3,476.09,2023-10-12
NVDA.O,454.61,469.6,459.9577,452.8,471.16,2023-10-13
NVDA.O,460.95,450.63,458.4167,449.12,462.25,2023-10-16
NVDA.O,439.38,440.0,438.3014,424.8,447.54,2023-10-17
NVDA.O,421.96,425.91,424.0018,418.25,432.19,2023-10-18
NVDA.O,421.01,428.11,425.7827,418.82,432.97,2023-10-19
NVDA.O,413.87,418.9,416.1869,410.78,424.7,2023-10-20
NVDA.O,429.75,412.29,424.7006,409.45,432.4799,2023-10-23
NVDA.O,436.63,430.77,431.769,426.91,436.97,2023-10-24
NVDA.O,417.79,433.98,424.3689,415.55,436.5,2023-10-25
NVDA.O,403.26,418.53,406.9069,398.8019,422.5555,2023-10-26
NVDA.O,405.0,411.3,405.7394,400.15,412.06,2023-10-27
NVDA.O,411.61,410.87,410.8323,404.81,417.66,2023-10-30
NVDA.O,407.8,404.5,401.6017,392.3001,408.79,2023-10-31
NVDA.O,423.25,408.84,417.5713,408.69,423.81,2023-11-01
NVDA.O,435.06,433.28,433.7223,428.94,438.84,2023-11-02
NVDA.O,450.05,440.2,446.3698,437.23,453.0899,2023-11-03
NVDA.O,457.51,452.845,455.0378,448.99,459.35,2023-11-06
NVDA.O,459.55,457.19,458.95,451.575,462.18,2023-11-07
NVDA.O,465.74,461.0,464.5349,459.68,468.67,2023-11-08
NVDA.O,469.5,474.67,475.294,467.5,482.3,2023-11-09
NVDA.O,483.35,475.0,479.8494,472.8301,484.72,2023-11-10
NVDA.O,486.2,483.2,487.3212,480.9901,491.16,2023-11-13
NVDA.O,496.56,496.8,495.2925,490.4001,498.34,2023-11-14
NVDA.O,488.88,499.35,489.7861,482.0,499.6,2023-11-15
NVDA.O,494.8,486.79,489.7058,483.3,495.2469,2023-11-16
NVDA.O,492.98,495.24,493.6744,490.07,497.17,2023-11-17
NVDA.O,504.09,493.12,499.4903,491.8101,505.48,2023-11-20
NVDA.O,499.44,501.26,498.3832,492.22,505.17,2023-11-21
NVDA.O,487.16,498.52,487.4402,476.9,503.3494,2023-11-22
NVDA.O,477.76,484.7001,481.6275,477.45,489.21,2023-11-24
NVDA.O,482.42,478.0,481.913,476.52,485.3,2023-11-27
NVDA.O,478.21,482.36,478.1222,474.73,483.229,2023-11-28
NVDA.O,481.4,483.79,482.6438,478.6,487.62,2023-11-29
NVDA.O,467.7,480.24,469.4104,464.22,481.1,2023-11-30
NVDA.O,467.65,465.25,467.4584,461.87,472.0,2023-12-01
NVDA.O,455.1,460.77,454.2122,450.1,460.77,2023-12-04
NVDA.O,465.66,454.66,461.5823,452.71,466.0,2023-12-05
NVDA.O,455.03,472.145,462.5002,454.12,473.87,2023-12-06
NVDA.O,459.77,445.18,451.6614,444.92,461.55,2023-07-13
NVDA.O,454.69,465.8281,466.7095,450.6,480.88,2023-07-14
NVDA.O,464.61,462.89,458.8747,452.6241,464.96,2023-07-17
NVDA.O,474.94,467.01,468.8701,457.34,478.9599,2023-07-18
NVDA.O,470.77,474.64,471.6004,467.42,478.18,2023-07-19
NVDA.O,455.2,465.07,459.3546,450.62,470.87,2023-07-20
NVDA.O,443.09,457.88,446.7627,441.0,458.66,2023-07-21
NVDA.O,446.12,447.31,446.3189,440.4,451.09,2023-07-24
NVDA.O,456.79,449.41,457.7668,449.23,461.825,2023-07-25
NVDA.O,454.52,460.21,453.0702,446.3,460.53,2023-07-26
NVDA.O,459.0,465.19,466.7648,457.5,473.95,2023-07-27
NVDA.O,467.5,466.68,467.0555,463.81,470.27,2023-07-28
NVDA.O,467.29,467.54,467.5393,465.0601,471.3,2023-07-31
NVDA.O,465.07,464.595,464.9638,460.27,469.0,2023-08-01
NVDA.O,442.69,458.31,444.2576,433.87,458.4,2023-08-02
NVDA.O,445.15,438.0,446.4541,438.0,451.18,2023-08-03
NVDA.O,446.8,449.85,450.2159,443.93,456.42,2023-08-04
NVDA.O,454.165,451.11,451.0923,445.6345,455.4,2023-08-07
NVDA.O,446.64,448.53,446.1285,440.5601,452.42,2023-08-08
NVDA.O,425.54,442.74,429.7156,421.34,443.12,2023-08-09
NVDA.O,423.88,421.6,426.2942,418.35,435.74,2023-08-10
NVDA.O,408.55,417.51,411.7171,406.39,420.18,2023-08-11
NVDA.O,437.53,404.86,426.5524,403.11,438.0,2023-08-14
NVDA.O,439.4,445.6,443.8129,437.1,452.68,2023-08-15
NVDA.O,434.86,445.2,439.4622,434.06,446.75,2023-08-16
NVDA.O,433.435,439.7,435.146,430.01,440.62,2023-08-17
NVDA.O,432.99,426.35,426.9573,416.6,435.7799,2023-08-18
NVDA.O,469.67,444.94,457.8981,442.22,470.65,2023-08-21
NVDA.O,456.68,481.35,462.2921,453.331,481.87,2023-08-22
NVDA.O,471.16,458.66,465.6958,452.08,472.0,2023-08-23
NVDA.O,471.63,502.16,483.2054,471.59,502.66,2023-08-24
NVDA.O,460.18,470.12,460.7446,450.24,478.05,2023-08-25
NVDA.O,468.35,464.82,461.2942,448.88,469.8,2023-08-28
NVDA.O,487.84,466.66,483.4571,463.9101,490.81,2023-08-29
NVDA.O,492.64,490.44,493.2868,484.25,499.27,2023-08-30
NVDA.O,493.55,493.8,494.4883,489.58,497.44,2023-08-31
NVDA.O,485.09,497.62,486.5699,481.416,498.0,2023-09-01
NVDA.O,485.48,482.23,484.5774,478.6,488.5081,2023-09-05
NVDA.O,470.61,484.41,471.3528,465.8,485.49,2023-09-06
NVDA.O,462.41,455.25,458.1791,451.52,463.44,2023-09-07
NVDA.O,264.63,267.34,266.5929,263.29,268.869,2023-04-13
NVDA.O,267.58,265.04,265.734,262.2,268.83,2023-04-14
NVDA.O,270.02,265.655,267.3841,264.3318,270.06,2023-04-17
NVDA.O,276.67,275.335,277.6169,273.57,281.1,2023-04-18
NVDA.O,279.31,273.61,277.4333,272.32,280.0,2023-04-19
NVDA.O,271.04,276.71,275.2571,270.0,280.3,2023-04-20
NVDA.O,271.19,269.52,269.9514,267.22,271.83,2023-04-21
NVDA.O,270.42,270.13,270.0443,266.7101,273.6599,2023-04-24
NVDA.O,262.41,270.78,265.5469,262.25,272.47,2023-04-25
NVDA.O,269.56,270.02,270.4865,267.051,273.3,2023-04-26
NVDA.O,272.26,273.63,269.6717,266.2501,274.95,2023-04-27
NVDA.O,277.49,272.25,274.6687,270.7148,277.58,2023-04-28
NVDA.O,289.1,278.4,286.2224,277.8,290.5844,2023-05-01
NVDA.O,282.1,286.8,283.6,280.83,288.3599,2023-05-02
NVDA.O,278.02,278.4,279.105,274.72,283.67,2023-05-03
NVDA.O,275.62,276.51,275.7032,272.4,278.59,2023-05-04
NVDA.O,286.8,278.255,284.0792,277.31,287.55,2023-05-05
NVDA.O,291.51,285.22,288.5508,283.5,292.2,2023-05-08
NVDA.O,285.71,288.99,286.3111,284.5,289.73,2023-05-09
NVDA.O,288.85,290.05,288.5638,284.6128,291.13,2023-05-10
NVDA.O,285.78,288.96,285.544,282.46,289.5,2023-05-11
NVDA.O,283.4,285.29,283.2666,280.46,287.8,2023-05-12
NVDA.O,289.53,285.085,286.6284,281.52,289.69,2023-05-15
NVDA.O,292.13,288.41,294.3253,288.32,298.7,2023-05-16
NVDA.O,301.78,295.84,298.8061,294.3001,301.99,2023-05-17
NVDA.O,316.78,304.1,313.4762,303.2,318.28,2023-05-18
NVDA.O,312.64,315.36,312.4732,309.16,315.8,2023-05-19
NVDA.O,311.76,309.01,312.1607,306.8,315.2,2023-05-22
NVDA.O,306.88,310.0,309.0807,306.31,312.88,2023-05-23
NVDA.O,305.38,302.1,301.5217,298.06,306.07,2023-05-24
NVDA.O,379.8,385.23,382.4089,366.35,394.8,2023-05-25
NVDA.O,389.46,378.9,385.318,375.5,391.7,2023-05-26
NVDA.O,401.11,405.95,406.883,399.49,419.38,2023-05-30
NVDA.O,378.34,394.88,386.3678,378.22,402.95,2023-05-31
NVDA.O,397.7,384.89,393.2313,383.4,400.5,2023-06-01
NVDA.O,393.27,400.97,395.4649,390.5801,405.0,2023-06-02
NVDA.O,391.71,389.09,391.0124,387.07,395.6503,2023-06-05
NVDA.O,386.54,388.3,387.1197,381.48,391.6,2023-06-06
NVDA.O,374.75,389.15,383.8348,373.56,394.99,2023-06-07
NVDA.O,385.1,377.24,383.6098,375.05,388.64,2023-06-08
NVDA.O,159.09,155.07,157.456,154.72,159.6199,2023-01-10
NVDA.O,160.01,158.3951,158.1823,155.63,160.28,2023-01-11
NVDA.O,165.11,161.0,162.0085,154.92,166.37,2023-01-12
NVDA.O,168.99,162.78,166.7548,161.65,169.22,2023-01-13
NVDA.O,177.02,168.99,175.1291,168.99,177.28,2023-01-17
NVDA.O,173.77,176.67,175.2495,172.82,178.73,2023-01-18
NVDA.O,167.65,170.36,169.3357,167.31,171.97,2023-01-19
NVDA.O,178.39,170.11,174.1958,168.25,178.56,2023-01-20
NVDA.O,191.93,180.64,188.234,178.175,192.45,2023-01-23
NVDA.O,192.65,188.27,191.4752,188.2,194.95,2023-01-24
NVDA.O,193.23,189.125,189.8784,185.8,193.7,2023-01-25
NVDA.O,198.02,197.01,196.4275,192.78,201.66,2023-01-26
NVDA.O,203.65,194.62,201.7341,194.05,206.28,2023-01-27
NVDA.O,191.62,199.5,195.5761,191.5,201.4,2023-01-30
NVDA.O,195.37,191.695,194.0733,189.5,196.87,2023-01-31
NVDA.O,209.43,196.91,203.6194,196.11,211.92,2023-02-01
NVDA.O,217.09,210.0,214.6465,207.0,219.49,2023-02-02
NVDA.O,211.0,210.0,213.1894,207.89,217.4499,2023-02-03
NVDA.O,210.89,208.06,212.0649,207.86,215.7,2023-02-06
NVDA.O,221.73,213.82,216.9501,211.5,222.59,2023-02-07
NVDA.O,222.05,223.87,223.8787,220.0801,228.78,2023-02-08
NVDA.O,223.37,226.06,226.7335,221.2,230.2,2023-02-09
NVDA.O,212.65,216.9,213.0681,208.11,220.7764,2023-02-10
NVDA.O,217.88,215.38,216.953,209.62,220.48,2023-02-13
NVDA.O,229.71,215.78,225.823,213.66,230.488,2023-02-14
NVDA.O,227.64,225.49,225.3786,221.06,228.55,2023-02-15
NVDA.O,220.02,221.33,222.5133,219.268,225.5,2023-02-16
NVDA.O,213.88,216.31,213.3646,209.75,217.4,2023-02-17
NVDA.O,206.55,210.0,209.5286,206.18,214.938,2023-02-21
NVDA.O,207.54,207.07,207.7852,204.21,211.04,2023-02-22
NVDA.O,236.64,234.4,235.4637,230.25,238.88,2023-02-23
NVDA.O,232.86,232.25,232.0272,229.47,234.74,2023-02-24
NVDA.O,235.01,236.7,236.5723,234.54,238.7994,2023-02-27
NVDA.O,232.16,233.72,234.9532,232.06,238.25,2023-02-28
NVDA.O,226.98,231.92,227.9557,225.08,232.5557,2023-03-01
NVDA.O,233.14,224.88,229.3206,224.32,233.804,2023-03-02
NVDA.O,238.9,233.2,235.228,231.3,239.0,2023-03-03
NVDA.O,235.54,238.91,238.5162,234.87,242.48,2023-03-06
NVDA.O,232.88,236.0,236.8073,232.41,241.25,2023-03-07
NVDA.O,241.81,234.87,238.7236,234.235,242.0,2023-03-08
NVDA.O,131.3,132.2,133.0785,131.03,136.56,2022-10-06
NVDA.O,120.76,125.05,122.9293,120.22,126.7,2022-10-07
NVDA.O,116.7,120.37,116.5322,114.0812,121.2432,2022-10-10
NVDA.O,115.86,115.61,115.7041,112.83,118.46,2022-10-11
NVDA.O,115.0,115.79,115.2672,113.45,117.35,2022-10-12
NVDA.O,119.6,109.71,116.4219,108.13,120.7799,2022-10-13
NVDA.O,112.27,120.57,114.3359,112.04,121.11,2022-10-14
NVDA.O,118.88,115.18,118.199,115.17,119.48,2022-10-17
NVDA.O,119.67,123.44,119.4904,116.18,124.92,2022-10-18
NVDA.O,120.51,118.79,120.5843,118.34,123.5,2022-10-19
NVDA.O,121.94,121.13,124.2298,121.05,127.69,2022-10-20
NVDA.O,124.66,120.982,122.7811,118.87,124.98,2022-10-21
NVDA.O,125.99,125.08,124.4273,120.64,127.1,2022-10-24
NVDA.O,132.61,126.935,131.3195,126.64,133.0,2022-10-25
NVDA.O,128.96,128.69,130.6244,127.08,133.88,2022-10-26
NVDA.O,131.76,136.3,133.7462,131.22,138.38,2022-10-27
NVDA.O,138.34,131.04,135.9076,130.61,138.5,2022-10-28
NVDA.O,134.97,137.78,135.1433,132.97,138.38,2022-10-31
NVDA.O,135.43,138.11,136.8956,135.19,139.25,2022-11-01
NVDA.O,132.19,138.5,137.8898,132.1124,142.1,2022-11-02
NVDA.O,134.21,130.43,134.3093,129.56,137.81,2022-11-03
NVDA.O,141.56,139.86,139.8441,136.97,142.29,2022-11-04
NVDA.O,143.01,142.28,141.8201,139.54,144.12,2022-11-07
NVDA.O,146.02,148.01,146.1044,142.16,148.9101,2022-11-08
NVDA.O,137.76,141.615,139.1986,137.5901,142.11,2022-11-09
NVDA.O,157.5,148.0,152.5791,145.47,157.73,2022-11-10
NVDA.O,163.27,158.075,160.5712,154.82,163.89,2022-11-11
NVDA.O,162.95,162.18,163.1565,159.22,165.4,2022-11-14
NVDA.O,166.66,167.215,167.3702,163.82,169.98,2022-11-15
NVDA.O,159.1,161.615,160.7642,158.73,163.62,2022-11-16
NVDA.O,156.77,157.15,158.7006,155.35,162.66,2022-11-17
NVDA.O,154.09,159.66,154.0845,151.2001,160.02,2022-11-18
NVDA.O,153.17,151.47,153.0919,150.8,154.77,2022-11-21
NVDA.O,160.38,153.28,157.3122,151.216,160.5757,2022-11-22
NVDA.O,165.19,160.98,163.5281,160.4801,165.27,2022-11-23
NVDA.O,162.7,163.18,163.4989,161.72,164.87,2022-11-25
NVDA.O,158.27,160.26,160.2387,157.25,163.57,2022-11-28
NVDA.O,156.39,158.27,157.0462,155.2,159.32,2022-11-29
NVDA.O,169.23,156.97,162.707,155.97,169.3,2022-11-30
NVDA.O,171.35,169.99,170.6196,166.35,172.65,2022-12-01
NVDA.O,153.72,151.08,151.0731,147.28,154.7299,2022-07-14
NVDA.O,157.62,156.59,156.2074,154.45,157.82,2022-07-15
NVDA.O,161.01,163.02,164.4071,160.02,168.97,2022-07-18
NVDA.O,169.92,164.86,167.3242,161.7201,171.1,2022-07-19
NVDA.O,178.07,169.47,175.9582,168.01,179.325,2022-07-20
NVDA.O,180.5,178.85,179.0043,175.4456,181.44,2022-07-21
NVDA.O,173.19,178.93,174.1241,171.365,179.67,2022-07-22
NVDA.O,170.24,170.19,168.6881,166.49,171.24,2022-07-25
NVDA.O,165.33,168.89,166.4849,164.78,169.19,2022-07-26
NVDA.O,177.9,170.32,174.9596,169.1301,179.36,2022-07-27
NVDA.O,179.84,179.75,178.4194,174.4,181.4,2022-07-28
NVDA.O,181.63,178.13,180.1941,176.92,182.44,2022-07-29
NVDA.O,184.41,181.82,184.8606,179.9,188.46,2022-08-01
NVDA.O,185.26,181.22,185.4682,180.92,189.3753,2022-08-02
NVDA.O,188.93,181.84,186.2078,181.37,189.68,2022-08-03
NVDA.O,192.15,188.49,190.4135,187.6,192.74,2022-08-04
NVDA.O,189.89,188.1,189.3231,186.66,192.2892,2022-08-05
NVDA.O,177.93,175.02,176.6813,172.42,182.39,2022-08-08
NVDA.O,170.86,172.52,170.4945,167.24,174.4719,2022-08-09
NVDA.O,180.97,176.98,178.0352,173.1701,181.18,2022-08-10
NVDA.O,179.42,181.31,182.4499,178.76,187.07,2022-08-11
NVDA.O,187.09,181.6,184.6253,179.53,187.18,2022-08-12
NVDA.O,190.32,187.01,188.6958,186.13,191.64,2022-08-15
NVDA.O,188.79,189.195,188.4055,185.01,191.42,2022-08-16
NVDA.O,183.35,185.23,183.4788,181.45,186.88,2022-08-17
NVDA.O,187.73,183.01,186.4865,181.83,188.6499,2022-08-18
NVDA.O,178.49,184.06,179.9316,177.7,185.2,2022-08-19
NVDA.O,170.34,174.9,171.98,169.66,175.58,2022-08-22
NVDA.O,171.81,169.885,172.4272,169.7,174.65,2022-08-23
NVDA.O,172.22,170.12,171.9001,168.95,174.06,2022-08-24
NVDA.O,179.13,168.44,175.6361,168.33,179.47,2022-08-25
NVDA.O,162.6,178.57,168.955,162.37,179.24,2022-08-26
NVDA.O,158.01,160.2,159.715,157.67,163.38,2022-08-29
NVDA.O,154.68,159.6,154.7528,151.82,160.39,2022-08-30
NVDA.O,150.94,153.84,151.5735,149.5851,155.4,2022-08-31
NVDA.O,139.37,142.09,136.9003,132.7021,143.8,2022-09-01
NVDA.O,136.47,141.0,138.348,135.91,141.71,2022-09-02
NVDA.O,134.65,137.31,135.5231,133.51,137.79,2022-09-06
NVDA.O,137.14,135.63,135.8623,133.46,138.38,2022-09-07
NVDA.O,139.9,134.59,137.8745,133.69,140.08,2022-09-08
NVDA.O,222.03,217.28,220.7725,214.55,225.0,2022-04-13
NVDA.O,212.58,225.05,217.2638,211.63,227.77,2022-04-14
NVDA.O,217.83,212.0,216.3944,210.79,220.88,2022-04-18
NVDA.O,221.98,217.2,220.4134,213.14,223.73,2022-04-19
NVDA.O,214.82,225.171,216.3316,212.0,226.7037,2022-04-20
NVDA.O,201.83,217.0915,208.5958,200.0,223.92,2022-04-21
NVDA.O,195.15,203.03,198.9034,195.0,204.86,2022-04-22
NVDA.O,199.02,192.02,194.9374,190.96,199.45,2022-04-25
NVDA.O,187.88,197.18,189.9779,186.7,197.88,2022-04-26
NVDA.O,184.15,185.98,186.4391,182.9,191.67,2022-04-27
NVDA.O,197.82,189.67,193.4858,184.8957,200.37,2022-04-28
NVDA.O,185.47,194.02,191.5303,185.17,201.2848,2022-04-29
NVDA.O,195.33,185.405,189.6603,183.91,195.74,2022-05-02
NVDA.O,196.02,194.0,195.1802,191.33,198.25,2022-05-03
NVDA.O,203.34,199.23,194.9154,187.51,204.0,2022-05-04
NVDA.O,188.44,198.67,189.4319,185.0,199.25,2022-05-05
NVDA.O,186.75,187.36,187.5662,179.9,195.12,2022-05-06
NVDA.O,169.5,180.34,173.9362,168.27,182.55,2022-05-09
NVDA.O,175.95,176.89,176.0333,170.25,181.98,2022-05-10
NVDA.O,166.3,173.47,171.2574,165.68,177.53,2022-05-11
NVDA.O,161.75,162.191,160.6514,155.67,167.88,2022-05-12
NVDA.O,177.06,167.88,174.9219,165.925,179.2843,2022-05-13
NVDA.O,172.64,175.09,174.4684,171.06,177.88,2022-05-16
NVDA.O,181.77,180.74,180.1299,176.34,183.71,2022-05-17
NVDA.O,169.38,177.05,173.7589,168.64,181.18,2022-05-18
NVDA.O,171.24,169.37,172.8918,167.3405,176.87,2022-05-19
NVDA.O,166.94,173.32,163.6936,157.55,174.1,2022-05-20
NVDA.O,168.98,162.74,166.3985,161.7901,169.15,2022-05-23
NVDA.O,161.54,165.1,161.1747,157.8,165.97,2022-05-24
NVDA.O,169.75,160.2,166.8448,160.0,171.1099,2022-05-25
NVDA.O,178.51,160.36,174.9953,160.22,180.92,2022-05-26
NVDA.O,188.11,181.86,185.6891,181.0,188.81,2022-05-27
NVDA.O,186.72,189.8,187.5268,183.5,192.0,2022-05-31
NVDA.O,183.2,187.24,185.4537,181.22,190.5318,2022-06-01
NVDA.O,195.92,182.92,192.0927,181.98,196.19,2022-06-02
NVDA.O,187.2,190.815,188.6497,185.2156,193.323,2022-06-03
NVDA.O,187.86,191.39,189.0833,185.642,193.37,2022-06-06
NVDA.O,189.26,184.72,187.2419,181.88,190.0,2022-06-07
NVDA.O,186.48,187.99,188.1331,185.35,191.8,2022-06-08
NVDA.O,180.48,184.81,185.2372,180.41,189.33,2022-06-09
NVDA.O,276.04,289.49,283.0142,275.33,294.16,2022-01-05
NVDA.O,281.78,276.4,279.5271,270.65,284.3799,2022-01-06
NVDA.O,272.47,281.41,275.1329,270.57,284.22,2022-01-07
NVDA.O,274.0,265.81,263.7275,256.4384,274.69,2022-01-10
NVDA.O,278.17,273.225,275.415,268.39,280.65,2022-01-11
NVDA.O,279.99,280.665,280.7883,276.08,285.95,2022-01-12
NVDA.O,265.75,283.79,271.3842,264.98,284.8,2022-01-13
NVDA.O,269.42,263.0,267.901,262.1001,271.969,2022-01-14
NVDA.O,259.03,262.6,261.2884,257.7,266.38,2022-01-18
NVDA.O,250.67,260.79,256.2369,250.52,265.4317,2022-01-19
NVDA.O,241.5,253.04,249.7838,240.78,255.7904,2022-01-20
NVDA.O,233.74,235.07,238.2586,232.63,248.23,2022-01-21
NVDA.O,233.72,223.3,221.07,208.88,233.8,2022-01-24
NVDA.O,223.24,225.46,224.3736,220.0,229.43,2022-01-25
NVDA.O,227.72,232.4,232.4368,223.0,240.57,2022-01-26
NVDA.O,219.44,235.68,224.2009,216.75,239.95,2022-01-27
NVDA.O,228.4,220.1215,221.0257,212.96,228.58,2022-01-28
NVDA.O,244.86,231.82,239.2868,230.52,245.09,2022-01-31
NVDA.O,246.38,251.04,243.5838,238.9001,251.45,2022-02-01
NVDA.O,252.42,257.94,251.4876,245.5301,258.17,2022-02-02
NVDA.O,239.48,244.58,244.3022,237.8,250.77,2022-02-03
NVDA.O,243.19,239.72,242.2935,236.32,246.35,2022-02-04
NVDA.O,247.28,243.72,247.6664,242.02,251.82,2022-02-07
NVDA.O,251.08,243.59,247.297,239.8,252.3,2022-02-08
NVDA.O,267.05,256.22,262.077,253.53,267.25,2022-02-09
NVDA.O,258.24,259.95,263.1699,256.0,269.2499,2022-02-10
NVDA.O,239.49,259.16,246.8932,237.73,261.52,2022-02-11
NVDA.O,242.67,239.34,243.6926,237.55,248.75,2022-02-14
NVDA.O,264.95,249.49,260.2192,247.84,265.45,2022-02-15
NVDA.O,265.11,262.59,261.1237,255.52,265.82,2022-02-16
NVDA.O,245.07,256.3,246.669,241.65,257.85,2022-02-17
NVDA.O,236.42,246.675,237.2494,231.0,249.86,2022-02-18
NVDA.O,233.9,230.35,234.483,230.0,240.6399,2022-02-22
NVDA.O,223.87,238.02,230.4529,223.01,241.5499,2022-02-23
NVDA.O,237.48,210.15,225.2309,208.9,238.0,2022-02-24
NVDA.O,241.57,237.21,238.7553,233.81,242.17,2022-02-25
NVDA.O,243.85,239.92,241.771,237.0701,246.65,2022-02-28
NVDA.O,234.77,242.91,236.3634,231.32,243.77,2022-03-01
NVDA.O,242.2,237.56,240.2748,234.15,244.09,2022-03-02
NVDA.O,237.14,242.615,238.4345,234.69,243.2599,2022-03-03
NVDA.O,210.75,210.92,211.5184,209.72,213.22,2021-10-07
NVDA.O,208.31,211.01,209.5339,207.75,212.06,2021-10-08
NVDA.O,206.95,205.75,208.8222,205.11,210.63,2021-10-11
NVDA.O,206.71,208.275,207.4981,205.28,210.57,2021-10-12
NVDA.O,209.39,209.18,208.672,207.13,209.9,2021-10-13
NVDA.O,217.46,212.88,215.264,211.2201,217.55,2021-10-14
NVDA.O,218.62,218.1,218.1985,216.62,219.31,2021-10-15
NVDA.O,222.22,217.49,221.1665,216.44,222.91,2021-10-18
NVDA.O,222.9,222.76,222.4039,220.37,223.79,2021-10-19
NVDA.O,221.03,223.045,221.9007,219.82,224.33,2021-10-20
NVDA.O,226.92,220.97,225.0066,220.83,227.11,2021-10-21
NVDA.O,227.26,228.23,228.2975,225.61,231.3,2021-10-22
NVDA.O,231.66,229.73,230.8286,227.7,233.5499,2021-10-25
NVDA.O,247.17,239.89,247.3076,239.24,252.59,2021-10-26
NVDA.O,244.51,244.74,247.1167,242.8201,250.9,2021-10-27
NVDA.O,249.41,248.78,247.5001,245.23,249.5,2021-10-28
NVDA.O,255.67,250.005,254.5584,250.0,257.09,2021-10-29
NVDA.O,258.27,256.49,256.6562,252.27,258.94,2021-11-01
NVDA.O,264.01,258.22,262.9984,258.0,266.78,2021-11-02
NVDA.O,265.98,266.7,264.6486,262.35,267.84,2021-11-03
NVDA.O,298.01,272.29,295.1988,271.18,313.65,2021-11-04
NVDA.O,297.52,301.87,304.657,294.1,314.0,2021-11-05
NVDA.O,308.04,301.49,306.4469,299.07,311.0,2021-11-08
NVDA.O,306.57,322.82,310.4025,299.64,323.1,2021-11-09
NVDA.O,294.59,293.56,297.9907,287.78,308.5,2021-11-10
NVDA.O,303.9,304.68,302.068,297.7701,305.9,2021-11-11
NVDA.O,303.9,300.1,302.3817,296.3,306.8,2021-11-12
NVDA.O,300.25,305.52,298.5109,292.47,306.44,2021-11-15
NVDA.O,302.03,297.59,300.6366,297.0587,303.9,2021-11-16
NVDA.O,292.61,304.18,295.4334,288.0,305.09,2021-11-17
NVDA.O,316.75,323.67,320.1137,313.21,327.6,2021-11-18
NVDA.O,329.85,322.43,326.916,319.05,330.88,2021-11-19
NVDA.O,319.56,335.17,332.5824,319.0,346.47,2021-11-22
NVDA.O,317.46,315.35,315.0086,308.8,323.6,2021-11-23
NVDA.O,326.74,314.61,321.6463,309.28,328.55,2021-11-24
NVDA.O,315.03,326.0,318.4982,313.5,327.1,2021-11-26
NVDA.O,333.76,323.66,328.1634,320.36,334.12,2021-11-29
NVDA.O,326.76,331.69,325.3427,318.6401,333.53,2021-11-30
NVDA.O,314.35,332.1947,324.6448,313.8,332.8934,2021-12-01
NVDA.O,321.26,312.14,320.2535,310.25,324.7799,2021-12-02
NVDA.O,199.0275,198.565,199.140425,197.0075,201.33,2021-07-08
NVDA.O,200.5025,199.625,199.26895,197.5425,200.80125,2021-07-09
NVDA.O,205.125,202.4,203.819,201.8775,205.3275,2021-07-12
NVDA.O,202.5,204.005,203.0547,201.140025,204.6125,2021-07-13
NVDA.O,198.415,203.5775,199.689225,197.5275,204.1775,2021-07-14
NVDA.O,189.6625,198.1175,191.961425,188.585025,198.47,2021-07-15
NVDA.O,181.61,190.305,184.84885,180.73,191.5711,2021-07-16
NVDA.O,187.7975,179.1525,186.509425,178.655,190.42,2021-07-19
NVDA.O,186.12,187.3,184.8752,181.64,188.38,2021-07-20
NVDA.O,194.1,188.82,192.5293,187.42,195.27,2021-07-21
NVDA.O,195.94,196.42,195.2492,192.76,198.87,2021-07-22
NVDA.O,195.58,196.5635,194.5514,192.5,197.0,2021-07-23
NVDA.O,192.94,193.11,192.3081,189.14,194.42,2021-07-26
NVDA.O,192.08,192.65,190.9305,187.41,196.22,2021-07-27
NVDA.O,195.03,193.192,194.3667,189.95,196.46,2021-07-28
NVDA.O,196.62,195.19,197.0711,193.2803,198.53,2021-07-29
NVDA.O,194.99,194.18,194.5816,192.63,196.3,2021-07-30
NVDA.O,197.5,197.0,197.3939,193.61,199.61,2021-08-02
NVDA.O,198.15,197.4,197.4816,192.2,202.22,2021-08-03
NVDA.O,202.74,199.9,201.3119,198.28,203.18,2021-08-04
NVDA.O,206.37,205.0,205.6994,203.42,207.33,2021-08-05
NVDA.O,203.66,205.24,204.1863,202.1,205.7,2021-08-06
NVDA.O,202.95,204.46,203.3871,201.43,205.0799,2021-08-09
NVDA.O,199.36,203.22,200.6639,198.3454,204.3,2021-08-10
NVDA.O,196.99,200.43,196.8829,194.3,200.49,2021-08-11
NVDA.O,199.05,198.7,198.7481,196.2,200.2899,2021-08-12
NVDA.O,201.88,199.05,200.8835,198.51,202.1381,2021-08-13
NVDA.O,199.5,201.35,198.0058,194.53,202.87,2021-08-16
NVDA.O,194.58,196.85,194.6759,192.67,197.7,2021-08-17
NVDA.O,190.4,195.0,193.2848,190.0,196.3365,2021-08-18
NVDA.O,197.98,194.94,197.946,187.62,204.95,2021-08-19
NVDA.O,208.16,199.91,205.1682,199.33,208.6506,2021-08-20
NVDA.O,219.58,209.71,216.7838,209.5,219.97,2021-08-23
NVDA.O,217.93,217.53,217.8055,215.35,219.59,2021-08-24
NVDA.O,222.13,217.37,222.8454,217.22,224.7,2021-08-25
NVDA.O,220.68,222.0,220.8363,217.9,223.4,2021-08-26
NVDA.O,226.36,221.84,225.1992,221.67,227.22,2021-08-27
NVDA.O,226.88,228.2997,227.5351,225.51,230.43,2021-08-30
NVDA.O,223.85,226.95,223.8003,221.2,226.95,2021-08-31
NVDA.O,224.41,224.85,225.1255,223.565,226.97,2021-09-01
NVDA.O,161.3725,156.625,160.306175,156.315,162.1415,2021-04-15
NVDA.O,159.125,160.530875,159.640275,158.6525,161.6575,2021-04-16
NVDA.O,153.6175,155.3654,154.678325,152.330025,158.075,2021-04-19
NVDA.O,151.7125,153.2325,151.708975,149.63,154.97,2021-04-20
NVDA.O,153.605,151.1875,152.612375,151.0225,153.625,2021-04-21
NVDA.O,148.5025,153.75,150.403075,147.835,154.385675,2021-04-22
NVDA.O,152.6525,149.343625,151.8097,149.0025,153.34875,2021-04-23
NVDA.O,154.78,151.85045,153.444375,151.25,154.79,2021-04-26
NVDA.O,153.8175,155.785,154.4237,153.545,156.705,2021-04-27
NVDA.O,152.7675,153.645,153.413425,152.155175,155.3225,2021-04-28
NVDA.O,153.2475,154.0,152.49065,150.715,154.365,2021-04-29
NVDA.O,150.095,151.745,151.228625,149.97,153.649975,2021-04-30
NVDA.O,148.3675,151.25,149.3027,147.875,152.4675,2021-05-03
NVDA.O,143.5125,146.3725,142.458675,140.102525,146.375,2021-05-04
NVDA.O,144.585,147.09,146.118625,143.875,148.135,2021-05-05
NVDA.O,145.23,144.9525,144.092625,142.1809,145.7125,2021-05-06
NVDA.O,148.1225,148.0825,148.3141,146.717075,149.7075,2021-05-07
NVDA.O,142.6575,147.8725,143.8494,142.5,148.06,2021-05-10
NVDA.O,143.0625,138.25,141.2455,137.5,143.5475,2021-05-11
NVDA.O,137.585,140.095,138.8351,137.0925,142.6025,2021-05-12
NVDA.O,136.6525,140.3375,137.513975,134.59,140.8075,2021-05-13
NVDA.O,142.43,138.9,141.326775,137.485,143.28105,2021-05-14
NVDA.O,141.655,141.57,140.283,138.535,141.6925,2021-05-17
NVDA.O,140.1575,142.67,142.000475,140.04,144.0425,2021-05-18
NVDA.O,140.6575,135.665,138.561025,135.4325,140.795,2021-05-19
NVDA.O,146.125,143.025,145.445,142.705,146.83785,2021-05-20
NVDA.O,149.9175,151.6375,150.34055,148.6939,152.22,2021-05-21
NVDA.O,156.12,152.125,155.596375,151.76,157.45,2021-05-24
NVDA.O,156.4775,157.66,156.0662,154.825,158.184975,2021-05-25
NVDA.O,157.0,157.3425,156.776225,155.8625,157.9375,2021-05-26
NVDA.O,154.88,156.9975,155.735175,154.6,157.5,2021-05-27
NVDA.O,162.445,155.01,160.810825,155.01,162.77475,2021-05-28
NVDA.O,162.645,162.7,161.54335,159.0325,163.88125,2021-06-01
NVDA.O,167.7825,162.5225,166.881375,162.355,169.188675,2021-06-02
NVDA.O,169.6975,167.0075,169.82415,165.83,172.59,2021-06-03
NVDA.O,175.7825,171.125,175.141725,170.955,176.61,2021-06-04
NVDA.O,176.19,175.7114,175.050525,171.9275,178.125,2021-06-07
NVDA.O,174.57,175.2725,174.2125,172.51,176.215875,2021-06-08
NVDA.O,173.5825,175.1575,174.103025,172.5575,175.75,2021-06-09
NVDA.O,174.25,173.5,173.84015,171.760025,174.92,2021-06-10
NVDA.O,134.8475,137.525,135.154975,133.45,137.545,2021-01-12
NVDA.O,135.3175,134.89965,135.17335,133.850025,136.249975,2021-01-13
NVDA.O,132.0025,135.75,133.449725,131.805,135.9975,2021-01-14
NVDA.O,128.595,132.28,130.011325,128.485,133.2525,2021-01-15
NVDA.O,130.2525,130.1625,129.739025,128.44,130.939825,2021-01-19
NVDA.O,133.6575,131.1175,133.0862,130.5675,134.305,2021-01-20
NVDA.O,138.675,134.18605,136.604025,132.530025,139.993575,2021-01-21
NVDA.O,137.125,137.400875,137.3564,136.2725,138.417325,2021-01-22
NVDA.O,136.5325,137.8175,135.817575,132.3648,138.285,2021-01-25
NVDA.O,134.3525,135.8044,134.965575,133.875,136.4475,2021-01-26
NVDA.O,129.1775,132.3,129.8682,127.9375,132.3275,2021-01-27
NVDA.O,130.51,129.9625,131.42495,129.605,133.3975,2021-01-28
NVDA.O,129.8975,130.75,130.6276,129.11505,133.3475,2021-01-29
NVDA.O,132.37,130.533375,131.423825,129.0275,132.7075,2021-02-01
NVDA.O,135.5675,133.9875,134.502375,132.854975,135.72,2021-02-02
NVDA.O,135.305,136.36,136.88995,135.165,139.3175,2021-02-03
NVDA.O,136.6425,135.31,135.375,133.378625,136.735,2021-02-04
NVDA.O,135.91,137.25,136.025025,135.4575,137.3725,2021-02-05
NVDA.O,144.3875,137.27215,142.338275,137.27215,144.7375,2021-02-08
NVDA.O,142.6325,143.40625,143.807075,142.225,145.8325,2021-02-09
NVDA.O,147.6425,144.6325,146.8095,143.41375,149.05,2021-02-10
NVDA.O,152.5075,149.8025,151.4556,149.25,152.7225,2021-02-11
NVDA.O,149.6125,150.5,150.4333,147.75,152.911375,2021-02-12
NVDA.O,153.3025,150.6425,152.121075,149.5,153.725,2021-02-16
NVDA.O,149.06,151.71,149.47085,147.8,152.235175,2021-02-17
NVDA.O,148.29,147.29,147.38405,145.75,148.7325,2021-02-18
NVDA.O,149.265,150.245,149.90265,148.467,151.769975,2021-02-19
NVDA.O,143.5575,147.7475,147.142075,143.25,151.3325,2021-02-22
NVDA.O,141.42,140.7525,138.70035,133.895,142.3875,2021-02-23
NVDA.O,144.99,141.2275,142.30705,137.56,145.0675,2021-02-24
NVDA.O,133.075,140.454175,136.598075,132.1625,143.7475,2021-02-25
NVDA.O,137.145,137.525,136.861675,133.61,138.545,2021-02-26
NVDA.O,138.4175,138.75,137.134375,135.532475,139.25,2021-03-01
NVDA.O,134.0625,139.0,136.1874,133.96,139.205,2021-03-02
NVDA.O,128.0475,134.2625,129.978775,127.9875,134.515,2021-03-03
NVDA.O,123.7025,128.0075,124.54325,120.8375,129.75,2021-03-04
NVDA.O,124.615,125.5,121.8906,116.7925,125.5,2021-03-05
NVDA.O,115.9325,124.5,119.128025,115.665,124.7125,2021-03-08
NVDA.O,125.2025,121.3025,123.989675,120.5925,126.1675,2021-03-09
NVDA.O,124.6825,128.405,126.747125,124.575,129.8,2021-03-10
NVDA.O,138.3875,140.75,138.486575,137.58,140.845,2020-10-08
NVDA.O,137.6275,137.67,137.288625,136.6075,138.2425,2020-10-09
NVDA.O,142.26,139.895,141.81945,139.125,143.47,2020-10-12
NVDA.O,142.4825,142.965,142.0336,140.18625,143.484975,2020-10-13
NVDA.O,140.9525,142.905,141.31955,139.6,143.4275,2020-10-14
NVDA.O,139.7,138.1068,139.105775,137.6775,140.0575,2020-10-15
NVDA.O,138.115,140.3675,139.276025,137.925,141.215,2020-10-16
NVDA.O,134.9775,139.02875,136.898325,134.0675,139.834975,2020-10-19
NVDA.O,136.455,135.835,136.594675,135.070025,137.9975,2020-10-20
NVDA.O,135.2475,136.25,136.027425,134.775025,137.915,2020-10-21
NVDA.O,133.61,135.225,133.869625,132.3175,136.1175,2020-10-22
NVDA.O,135.9025,134.5,134.765125,132.9125,135.9325,2020-10-23
NVDA.O,131.4125,134.27,132.548475,130.385,136.927925,2020-10-26
NVDA.O,133.9675,133.06,133.38045,131.915,134.42,2020-10-27
NVDA.O,126.27,131.98,128.3679,126.09,132.6,2020-10-28
NVDA.O,130.24,128.385,130.1282,127.5,131.9275,2020-10-29
NVDA.O,125.34,128.5,125.00335,123.0,129.36375,2020-10-30
NVDA.O,125.8075,126.5775,125.9953,123.95,128.366575,2020-11-02
NVDA.O,130.195,127.085,129.363425,126.0275,131.05,2020-11-03
NVDA.O,137.9425,133.8925,136.475,133.36875,138.275,2020-11-04
NVDA.O,141.6,141.625,141.5656,139.91,143.39,2020-11-05
NVDA.O,145.62,141.0975,143.44805,138.95,145.8875,2020-11-06
NVDA.O,136.3075,145.525,141.565725,136.1075,146.915,2020-11-09
NVDA.O,127.7,136.065,129.5111,126.2825,136.065,2020-11-10
NVDA.O,134.18,130.5375,132.608875,129.4825,134.34875,2020-11-11
NVDA.O,134.5675,134.789225,135.514625,133.16,137.66,2020-11-12
NVDA.O,132.97,136.272775,133.034175,130.5925,136.687475,2020-11-13
NVDA.O,135.1525,131.725,134.74515,131.560025,136.495,2020-11-16
NVDA.O,134.2225,135.525,134.2796,133.038725,135.9625,2020-11-17
NVDA.O,134.2875,134.6525,134.379525,131.85,136.0575,2020-11-18
NVDA.O,134.4025,132.1275,133.19215,131.0,134.875,2020-11-19
NVDA.O,130.8775,134.54,132.473825,130.65,134.944975,2020-11-20
NVDA.O,131.4,131.7113,131.6231,130.155,133.825,2020-11-23
NVDA.O,129.5775,131.425,129.791125,128.85,131.62,2020-11-24
NVDA.O,132.3475,130.325,131.909775,130.2,132.6939,2020-11-25
NVDA.O,132.6125,133.75,133.005225,131.70545,134.075,2020-11-27
NVDA.O,134.015,132.65,132.552925,129.723525,134.125,2020-11-30
NVDA.O,133.9,134.9225,134.012375,132.2825,135.2875,2020-12-01
NVDA.O,135.445,133.505,135.233825,132.3425,136.734425,2020-12-02
NVDA.O,133.96,135.875,134.491125,133.29,136.6,2020-12-03
NVDA.O,105.09,103.8025,104.159675,102.335,105.7,2020-07-09
NVDA.O,104.7925,105.8875,105.029075,103.7875,106.5525,2020-07-10
NVDA.O,100.5225,105.95,104.775525,100.25,107.922475,2020-07-13
NVDA.O,103.77,100.75,101.268525,97.855,104.0275,2020-07-14
NVDA.O,102.2725,104.1425,102.309525,100.5575,104.33,2020-07-15
NVDA.O,101.3475,100.15,100.5697,98.955,102.067475,2020-07-16
NVDA.O,102.015,102.255,101.81585,100.877525,102.485,2020-07-17
NVDA.O,105.1075,102.7425,103.854875,101.5675,105.3125,2020-07-20
NVDA.O,103.285,105.13,103.81165,102.8675,105.599275,2020-07-21
NVDA.O,104.3875,103.675,104.553325,102.915575,106.025,2020-07-22
NVDA.O,101.2975,104.5,102.735525,100.3125,105.47,2020-07-23
NVDA.O,101.945,98.75,101.523175,97.77,103.6475,2020-07-24
NVDA.O,104.215,102.3225,103.6152,102.1775,104.4175,2020-07-27
NVDA.O,102.155,103.7425,102.95005,102.0925,103.82,2020-07-28
NVDA.O,104.655,103.908,104.562775,103.47,105.1625,2020-07-29
NVDA.O,106.14,103.75,104.9007,102.9525,106.23045,2020-07-30
NVDA.O,106.1475,105.6325,105.54455,104.33,107.665,2020-07-31
NVDA.O,110.1025,107.325,109.527975,107.1525,110.9875,2020-08-03
NVDA.O,112.2775,110.5,111.174775,109.060025,112.2775,2020-08-04
NVDA.O,112.8675,112.44,112.838375,111.6625,113.7168,2020-08-05
NVDA.O,113.355,113.4975,112.8532,111.7875,113.58,2020-08-06
NVDA.O,111.995,113.125,112.722275,110.375,115.0475,2020-08-07
NVDA.O,111.65,113.3425,111.59775,108.565,114.0825,2020-08-10
NVDA.O,108.5,110.7375,109.7705,107.9575,111.3675,2020-08-11
NVDA.O,114.4025,109.9075,112.9822,109.5825,114.67,2020-08-12
NVDA.O,114.43,115.46,115.30125,113.5575,117.2175,2020-08-13
NVDA.O,115.64,115.3,115.500375,114.405,117.0475,2020-08-14
NVDA.O,123.37,118.5125,122.299225,118.1719,124.0975,2020-08-17
NVDA.O,122.6075,124.5,122.600625,120.8625,124.96,2020-08-18
NVDA.O,121.385,122.965,122.0378,120.98,123.15,2020-08-19
NVDA.O,121.41,119.75,121.809575,118.7875,123.75,2020-08-20
NVDA.O,126.835,122.0175,125.729425,121.9516,128.087,2020-08-21
NVDA.O,127.2025,128.8375,126.9652,125.075,129.125,2020-08-24
NVDA.O,127.5,126.3075,126.783775,125.7375,127.6125,2020-08-25
NVDA.O,127.73,127.99235,127.675475,126.7775,128.6849,2020-08-26
NVDA.O,126.2825,127.815,127.1134,125.664325,128.5,2020-08-27
NVDA.O,131.4775,126.749125,129.94805,126.425,131.48,2020-08-28
NVDA.O,133.745,131.82785,133.336675,130.3775,135.75,2020-08-31
NVDA.O,138.21,134.8,137.79715,134.365,139.9375,2020-09-01
NVDA.O,143.465,147.0375,143.25425,139.0,147.267475,2020-09-02
NVDA.O,65.7375,68.0,66.223275,65.105,68.23,2020-04-09
NVDA.O,67.4625,65.1375,66.26785,64.25,67.55,2020-04-13
NVDA.O,70.9875,68.75,70.4006,68.472325,71.33,2020-04-14
NVDA.O,70.21,69.3,70.024625,68.845,71.041775,2020-04-15
NVDA.O,73.675,71.77,73.292625,71.6375,74.75,2020-04-16
NVDA.O,73.08,74.5,72.97465,71.735,74.715,2020-04-17
NVDA.O,71.7625,71.81,72.36365,71.3175,73.375,2020-04-20
NVDA.O,67.3775,70.5775,68.34535,66.7775,71.1925,2020-04-21
NVDA.O,71.5375,69.3075,70.864925,68.85,71.9675,2020-04-22
NVDA.O,71.0025,71.96,72.0517,70.75,73.284375,2020-04-23
NVDA.O,72.3975,70.9,71.527275,70.15,72.4175,2020-04-24
NVDA.O,74.27,73.7475,74.656175,73.5,75.875,2020-04-27
NVDA.O,72.84,75.75,74.0076,72.785,76.05,2020-04-28
NVDA.O,74.615,74.1925,74.508175,73.4375,75.145,2020-04-29
NVDA.O,73.07,74.07315,73.535775,72.93,74.615,2020-04-30
NVDA.O,70.695,71.0875,70.968975,70.2108,72.225,2020-05-01
NVDA.O,72.82125,70.22,72.056425,70.22,72.96,2020-05-04
NVDA.O,73.435,73.8675,74.007475,72.8225,75.0675,2020-05-05
NVDA.O,74.4475,74.2325,74.8539,73.8525,75.5,2020-05-06
NVDA.O,76.2175,75.845,76.1869,75.33075,76.8525,2020-05-07
NVDA.O,78.125,76.9375,77.706575,76.5975,78.1875,2020-05-08
NVDA.O,80.655,78.075,80.236675,77.7875,81.125,2020-05-11
NVDA.O,78.025,81.235,80.185425,77.9275,81.725,2020-05-12
NVDA.O,77.8,79.175,78.36355,75.9475,80.785,2020-05-13
NVDA.O,80.305,78.41625,78.5856,76.875,80.36,2020-05-14
NVDA.O,84.9075,78.8975,81.8744,78.74,85.005,2020-05-15
NVDA.O,87.5025,87.605,87.789425,86.805025,89.165,2020-05-18
NVDA.O,88.055,87.9025,89.73225,87.6275,90.875,2020-05-19
NVDA.O,89.7,89.91,89.56115,88.8875,90.43,2020-05-20
NVDA.O,87.7525,90.515,88.718775,87.375,90.52405,2020-05-21
NVDA.O,90.2625,88.2525,89.881725,87.1325,90.93,2020-05-22
NVDA.O,87.1775,91.5675,88.51775,86.72,91.8175,2020-05-26
NVDA.O,85.2525,86.25,83.1547,79.9675,86.3275,2020-05-27
NVDA.O,84.87,84.1225,86.319075,83.7925,87.605,2020-05-28
NVDA.O,88.755,85.545,86.712725,84.85,88.755,2020-05-29
NVDA.O,88.0625,88.3325,87.7392,86.895,88.4075,2020-06-01
NVDA.O,88.2525,87.9625,87.480625,86.58,88.3725,2020-06-02
NVDA.O,87.695,88.2225,87.698225,87.0,88.6625,2020-06-03
NVDA.O,87.665,87.28,88.0128,86.775,89.4325,2020-06-04
NVDA.O,89.2,87.945,88.882875,87.0798,89.97,2020-06-05
NVDA.O,58.825,57.725,58.6124,57.5325,58.91875,2019-12-31
NVDA.O,59.9775,59.6875,59.6681,59.18,59.9775,2020-01-02
NVDA.O,59.0175,58.775,59.107125,58.525,59.4575,2020-01-03
NVDA.O,59.265,58.08,58.8577,57.8175,59.3175,2020-01-06
NVDA.O,59.9825,59.55,59.98735,59.0975,60.4425,2020-01-07
NVDA.O,60.095,59.94,60.082525,59.53725,60.51,2020-01-08
NVDA.O,60.755,60.9625,60.908425,60.21375,61.482425,2020-01-09
NVDA.O,61.08,61.8325,61.53425,60.9375,62.1375,2020-01-10
NVDA.O,62.995,61.915,62.666475,61.6875,63.2471,2020-01-13
NVDA.O,61.82,62.565,62.116125,61.6875,62.82,2020-01-14
NVDA.O,61.3925,61.9475,61.557875,61.1325,62.172275,2020-01-15
NVDA.O,62.2325,61.93,61.9895,61.69375,62.2925,2020-01-16
NVDA.O,62.32,62.425,62.18825,61.8425,62.5,2020-01-17
NVDA.O,61.985,61.95125,62.02635,61.642575,62.3225,2020-01-21
NVDA.O,62.5125,62.44,62.861025,62.25,63.3975,2020-01-22
NVDA.O,63.215,62.93,62.797275,62.0375,63.3,2020-01-23
NVDA.O,62.62,64.375,63.26945,62.075,64.875,2020-01-24
NVDA.O,60.05,59.56,59.903425,58.0575,60.5625,2020-01-27
NVDA.O,61.9925,60.7125,61.4356,60.178575,62.3175,2020-01-28
NVDA.O,61.385,61.8475,61.50495,60.985,62.21,2020-01-29
NVDA.O,61.4525,60.4025,60.782925,59.85,61.5875,2020-01-30
NVDA.O,59.1075,60.9925,59.5393,58.6875,61.1125,2020-01-31
NVDA.O,60.0825,58.925,59.920425,58.8625,60.277775,2020-02-03
NVDA.O,61.7825,61.5075,61.6028,61.005,61.975,2020-02-04
NVDA.O,62.69,62.9975,62.518025,61.8525,63.1,2020-02-05
NVDA.O,63.56125,63.035,63.0616,62.22,63.5625,2020-02-06
NVDA.O,62.8975,63.16,62.98955,62.643,63.3825,2020-02-07
NVDA.O,65.7425,63.125,64.88385,63.075,65.75,2020-02-10
NVDA.O,66.9725,66.83,67.31155,66.2075,68.125,2020-02-11
NVDA.O,68.135,67.5025,67.7702,67.11185,68.2,2020-02-12
NVDA.O,67.695,67.5525,67.884475,67.2775,68.37,2020-02-13
NVDA.O,72.4475,71.815,72.554225,71.5,73.7425,2020-02-14
NVDA.O,74.1425,71.410875,73.047875,71.215,74.3275,2020-02-18
NVDA.O,78.675,75.3725,77.603275,75.3714,78.8525,2020-02-19
NVDA.O,77.175,78.19125,77.11795,74.0875,79.08,2020-02-20
NVDA.O,73.5175,76.0475,74.096825,72.665,76.3,2020-02-21
NVDA.O,68.32,67.5475,68.984325,67.0,70.468075,2020-02-24
NVDA.O,65.5125,69.075875,66.095875,64.49,69.6975,2020-02-25
NVDA.O,66.9125,65.515,67.424325,65.5,68.8625,2020-02-26
NVDA.O,63.15,63.725,64.473475,62.2225,66.75,2020-02-27
NVDA.O,45.4925,45.35,45.3448,44.695,45.7875,2019-10-04
NVDA.O,46.0825,46.145,46.564525,46.0575,47.085,2019-10-07
NVDA.O,44.3075,45.16,44.54075,44.125,45.16,2019-10-08
NVDA.O,45.1775,45.08,45.2283,44.790025,45.675,2019-10-09
NVDA.O,45.7575,45.155,45.80025,45.1025,46.27,2019-10-10
NVDA.O,46.4975,46.6025,46.926175,46.4125,47.335,2019-10-11
NVDA.O,46.6325,46.41,46.48835,46.09625,46.8425,2019-10-14
NVDA.O,49.0925,47.54,48.919975,47.4,49.8225,2019-10-15
NVDA.O,48.5525,48.75,49.079925,48.4375,49.805,2019-10-16
NVDA.O,48.5725,49.0,48.566875,48.025,49.453575,2019-10-17
NVDA.O,47.6225,48.5775,47.815375,46.875,48.905,2019-10-18
NVDA.O,49.0025,48.24,48.7792,48.05,49.1375,2019-10-21
NVDA.O,48.9025,49.575,49.46795,48.825,50.6325,2019-10-22
NVDA.O,48.7725,48.0775,48.51,47.7575,48.915,2019-10-23
NVDA.O,49.215,49.1875,49.264125,48.845,49.5525,2019-10-24
NVDA.O,51.135,50.025,50.861325,49.9475,51.3451,2019-10-25
NVDA.O,51.6975,51.575,51.760325,51.2792,52.225,2019-10-28
NVDA.O,50.73,51.5575,50.9242,50.535,51.6225,2019-10-29
NVDA.O,50.75,51.0,50.557375,50.065,51.0575,2019-10-30
NVDA.O,50.255,50.54,50.04405,49.4525,50.75,2019-10-31
NVDA.O,50.6475,49.9,50.557125,49.648125,50.9725,2019-11-01
NVDA.O,52.625,51.4625,51.9816,51.230075,52.75,2019-11-04
NVDA.O,52.4025,52.6225,52.542425,51.92,52.885,2019-11-05
NVDA.O,51.9075,52.16,51.6515,51.0275,52.4175,2019-11-06
NVDA.O,52.085,52.7765,52.396875,51.635,52.925,2019-11-07
NVDA.O,51.945,51.915,51.90385,51.5375,52.2625,2019-11-08
NVDA.O,52.045,51.9375,51.8302,51.070025,52.2775,2019-11-11
NVDA.O,52.4025,52.43,52.53865,52.0775,52.965,2019-11-12
NVDA.O,52.1425,52.0875,51.929475,51.475,52.365,2019-11-13
NVDA.O,52.4475,52.2325,52.1253,51.629,52.47,2019-11-14
NVDA.O,51.0475,52.425,51.2304,50.159425,52.944975,2019-11-15
NVDA.O,53.07,50.9725,52.6447,50.9425,53.3375,2019-11-18
NVDA.O,51.9975,52.758,52.032725,51.4125,52.995,2019-11-19
NVDA.O,52.795,51.7675,52.722075,51.641075,53.6375,2019-11-20
NVDA.O,52.545,52.75,52.76115,52.3275,53.31,2019-11-21
NVDA.O,52.7225,52.7725,52.813025,52.485,53.240825,2019-11-22
NVDA.O,55.3025,54.01,55.000575,53.88,55.3525,2019-11-25
NVDA.O,54.25,55.125,54.4873,54.185,55.172425,2019-11-26
NVDA.O,54.56,54.6675,54.5534,54.295,55.0125,2019-11-27
NVDA.O,54.185,54.25,54.217275,53.945,54.535,2019-11-29
NVDA.O,40.0575,40.1,39.8472,39.42,40.145,2019-07-05
NVDA.O,39.3025,39.4575,39.278575,39.0,39.6475,2019-07-08
NVDA.O,39.3275,38.8775,39.256425,38.75,39.61,2019-07-09
NVDA.O,40.015,39.765,40.114675,39.625,40.592225,2019-07-10
NVDA.O,41.57,40.75,41.3921,40.375,41.98,2019-07-11
NVDA.O,41.9025,41.85,42.163225,41.85,42.6175,2019-07-12
NVDA.O,41.8175,42.115,41.77945,41.5325,42.27645,2019-07-15
NVDA.O,41.77,41.6675,41.69225,41.210625,42.0425,2019-07-16
NVDA.O,42.4275,41.7875,42.2327,41.4935,42.4975,2019-07-17
NVDA.O,42.545,42.53125,42.475025,41.9625,43.1775,2019-07-18
NVDA.O,42.11,42.93,42.5873,42.05,42.995,2019-07-19
NVDA.O,42.83,42.325,42.695575,42.25,42.96,2019-07-22
NVDA.O,43.915,43.225,43.53995,43.0675,43.935,2019-07-23
NVDA.O,44.665,44.35,44.291975,43.585,44.7225,2019-07-24
NVDA.O,43.345,44.2475,43.583625,43.11,44.375,2019-07-25
NVDA.O,43.7675,43.6175,43.936875,43.6175,44.2375,2019-07-26
NVDA.O,43.705,43.695,43.46485,42.8175,43.867425,2019-07-29
NVDA.O,43.8625,43.2375,43.602275,43.0925,43.985,2019-07-30
NVDA.O,42.18,43.545,42.75875,41.755,43.55375,2019-07-31
NVDA.O,41.23,42.285,41.8409,40.7051,43.195,2019-08-01
NVDA.O,40.2975,40.2975,40.26,39.82,40.995,2019-08-02
NVDA.O,37.6975,38.45,37.7894,37.225,38.4625,2019-08-05
NVDA.O,38.0875,38.45,38.0827,37.6075,38.9075,2019-08-06
NVDA.O,38.4725,37.475,38.102025,37.3,38.5925,2019-08-07
NVDA.O,39.565,39.0525,39.210675,38.475,39.5775,2019-08-08
NVDA.O,38.545,39.1525,38.506525,38.0375,39.1875,2019-08-09
NVDA.O,37.8625,38.02,38.030075,37.6425,38.545,2019-08-12
NVDA.O,39.0125,37.8475,38.91365,37.455025,39.475,2019-08-13
NVDA.O,37.5175,38.125875,37.6058,37.077775,38.2375,2019-08-14
NVDA.O,37.1925,37.7075,37.260275,36.8485,37.9075,2019-08-15
NVDA.O,39.89,39.8375,39.78995,39.22,40.385,2019-08-16
NVDA.O,42.695,41.03,42.189025,40.8675,42.855,2019-08-19
NVDA.O,41.9675,42.64,42.040575,41.755,42.645,2019-08-20
NVDA.O,42.8075,42.6325,42.9691,42.415,43.3625,2019-08-21
NVDA.O,42.87,42.905,42.9273,42.476125,43.3325,2019-08-22
NVDA.O,40.61,42.1,41.178525,40.41,42.6475,2019-08-23
NVDA.O,41.3625,41.4025,41.340125,40.9775,41.645,2019-08-26
NVDA.O,40.45,41.7475,40.7359,40.155,41.775,2019-08-27
NVDA.O,40.305,40.145,40.3715,39.75,40.835,2019-08-28
NVDA.O,41.75,41.225,41.7614,41.19,42.075,2019-08-29
NVDA.O,47.065,47.0,46.972275,46.4325,47.4925,2019-04-04
NVDA.O,47.7375,47.5,47.612,47.1325,47.9125,2019-04-05
NVDA.O,47.9475,47.43,47.694525,47.1875,48.2,2019-04-08
NVDA.O,47.315,47.61,47.26485,46.89,47.7225,2019-04-09
NVDA.O,48.025,47.3075,47.929625,47.2625,48.285,2019-04-10
NVDA.O,47.885,48.05,47.886275,47.3875,48.3675,2019-04-11
NVDA.O,47.5025,48.275,47.73805,47.415,48.315,2019-04-12
NVDA.O,46.175,47.425,46.281025,45.775,47.475,2019-04-15
NVDA.O,47.0525,46.57,46.8614,46.241025,47.2425,2019-04-16
NVDA.O,46.8225,47.405,47.035625,46.5975,47.615,2019-04-17
NVDA.O,46.575,46.89,46.6722,46.295,47.2325,2019-04-18
NVDA.O,47.1175,46.3375,46.82945,46.02,47.275,2019-04-22
NVDA.O,47.6675,47.25,47.743025,47.1525,47.9825,2019-04-23
NVDA.O,47.7925,47.7725,47.76035,47.16,48.2025,2019-04-24
NVDA.O,46.7275,47.3875,46.65935,45.925,47.6125,2019-04-25
NVDA.O,44.5225,45.1775,44.19535,43.325,45.2219,2019-04-26
NVDA.O,44.8325,44.6025,44.6522,43.875,45.1125,2019-04-29
NVDA.O,45.25,44.5075,45.099975,44.315,45.5075,2019-04-30
NVDA.O,45.1175,45.7775,45.70015,45.115,46.2025,2019-05-01
NVDA.O,45.7975,45.215,45.645725,44.77875,46.2175,2019-05-02
NVDA.O,45.7525,45.8825,45.6231,45.1325,45.9825,2019-05-03
NVDA.O,44.9625,43.875,44.4994,43.5,45.085,2019-05-06
NVDA.O,43.2775,44.475,43.499825,42.7925,44.475,2019-05-07
NVDA.O,43.48,43.0,43.821775,42.88,44.2875,2019-05-08
NVDA.O,42.5475,42.785,42.207125,41.35,42.8825,2019-05-09
NVDA.O,42.205,42.2375,41.9122,41.0,42.8975,2019-05-10
NVDA.O,39.6125,40.875,40.1796,39.4525,41.1075,2019-05-13
NVDA.O,40.51,40.0125,40.40675,39.6226,40.865,2019-05-14
NVDA.O,39.895,39.95,39.9527,39.3525,40.2625,2019-05-15
NVDA.O,40.0475,39.84,40.04795,39.4125,40.47625,2019-05-16
NVDA.O,39.1325,39.625,39.9261,38.735,40.9275,2019-05-17
NVDA.O,37.9375,38.1375,38.137275,37.6875,38.6925,2019-05-20
NVDA.O,38.765,38.55,38.643125,38.16,38.925,2019-05-21
NVDA.O,38.05,38.375,38.2063,37.94,38.6375,2019-05-22
NVDA.O,36.83,37.4225,36.6653,36.2278,37.4225,2019-05-23
NVDA.O,36.2875,37.02,36.692625,36.22,37.375,2019-05-24
NVDA.O,35.8325,36.465,36.155575,35.8125,36.795,2019-05-28
NVDA.O,35.085,35.3525,35.160925,34.735,35.705,2019-05-29
NVDA.O,34.7775,35.0775,34.916675,34.3925,35.437475,2019-05-30
NVDA.O,33.865,34.285,34.212375,33.8475,34.612275,2019-05-31
LRCX.O,735.59,710.24,732.9058,708.395,737.99,2023-12-11
LRCX.O,731.24,733.0,731.2877,727.11,738.8,2023-12-12
LRCX.O,734.65,732.95,732.2715,721.49,740.59,2023-12-13
LRCX.O,767.21,740.36,761.8336,738.775,771.275,2023-12-14
LRCX.O,773.5,769.33,773.9419,767.5701,779.68,2023-12-15
LRCX.O,769.92,775.6,767.9957,757.505,779.0,2023-12-18
LRCX.O,781.01,772.22,778.7221,768.73,781.84,2023-12-19
LRCX.O,754.93,772.05,764.3206,754.42,780.5,2023-12-20
LRCX.O,776.92,778.5,773.3513,763.5,779.25,2023-12-21
LRCX.O,779.99,776.92,779.9982,773.62,784.1,2023-12-22
LRCX.O,795.71,783.04,795.4967,783.04,799.8699,2023-12-26
LRCX.O,794.93,799.0,794.4521,790.3,801.29,2023-12-27
LRCX.O,789.67,797.8,791.3467,789.01,798.72,2023-12-28
LRCX.O,783.26,787.51,783.3678,778.0,790.0853,2023-12-29
LRCX.O,749.3,768.75,752.1556,742.07,769.38,2024-01-02
LRCX.O,736.93,732.0,736.67,729.66,743.0,2024-01-03
LRCX.O,731.08,725.78,733.2786,723.25,744.91,2024-01-04
LRCX.O,732.4,734.57,733.676,728.6,742.25,2024-01-05
LRCX.O,757.16,736.34,752.5699,736.34,757.7,2024-01-08
LRCX.O,752.02,746.33,751.1353,744.65,756.84,2024-01-09
LRCX.O,749.69,753.78,748.0586,736.5101,754.84,2024-01-10
LRCX.O,760.2,749.61,755.3571,742.165,761.37,2024-01-11
LRCX.O,759.67,760.73,758.818,754.86,763.35,2024-01-12
LRCX.O,761.14,754.29,759.6169,748.02,768.8993,2024-01-16
LRCX.O,752.9,752.83,749.4598,742.01,754.3,2024-01-17
LRCX.O,785.65,775.9,782.5198,771.7801,788.39,2024-01-18
LRCX.O,826.32,798.68,817.023,794.72,828.56,2024-01-19
LRCX.O,833.54,829.13,833.2629,827.67,846.61,2024-01-22
LRCX.O,830.39,829.61,828.9359,821.47,831.98,2024-01-23
LRCX.O,848.16,850.0,850.2371,838.455,858.64,2024-01-24
LRCX.O,865.6,877.0,878.9367,864.7,900.09,2024-01-25
LRCX.O,839.04,853.0,844.1516,836.63,860.0,2024-01-26
LRCX.O,845.8,835.7,840.8277,834.0,846.87,2024-01-29
LRCX.O,835.79,841.09,837.2817,831.97,849.99,2024-01-30
LRCX.O,825.17,822.0,825.0114,815.67,837.81,2024-01-31
LRCX.O,832.21,831.85,830.514,824.0401,836.07,2024-02-01
LRCX.O,838.7,827.29,838.9949,827.29,846.38,2024-02-02
LRCX.O,851.32,838.79,847.7618,832.4901,857.325,2024-02-05
LRCX.O,834.62,852.9,835.1641,823.8,857.395,2024-02-06
LRCX.O,848.54,837.72,848.5449,833.22,857.99,2024-02-07
LRCX.O,676.7,681.0,674.4461,665.0,681.6074,2023-09-07
LRCX.O,668.88,673.5,670.2193,666.51,680.46,2023-09-08
LRCX.O,663.68,673.62,659.8994,651.04,675.37,2023-09-11
LRCX.O,652.7,654.19,655.4366,651.89,664.53,2023-09-12
LRCX.O,658.66,657.51,660.3654,652.86,667.1,2023-09-13
LRCX.O,656.43,667.24,656.6532,651.0,667.5,2023-09-14
LRCX.O,623.11,646.98,627.7307,617.77,647.93,2023-09-15
LRCX.O,635.65,620.77,632.868,618.21,636.49,2023-09-18
LRCX.O,625.15,635.65,625.782,621.73,636.76,2023-09-19
LRCX.O,618.86,627.5,623.4312,617.3,632.74,2023-09-20
LRCX.O,610.39,610.24,612.2827,608.99,618.13,2023-09-21
LRCX.O,619.11,619.97,621.9155,615.5,628.9355,2023-09-22
LRCX.O,620.585,615.29,619.0166,613.63,623.01,2023-09-25
LRCX.O,606.0,611.94,607.8802,603.52,615.515,2023-09-26
LRCX.O,613.92,611.99,611.4015,602.625,617.715,2023-09-27
LRCX.O,627.52,610.97,625.0835,607.63,630.53,2023-09-28
LRCX.O,626.77,636.5,629.2937,625.07,637.36,2023-09-29
LRCX.O,630.88,627.25,631.5128,623.02,641.0,2023-10-02
LRCX.O,618.11,630.08,620.4459,612.9,637.0,2023-10-03
LRCX.O,632.38,624.4,629.7767,622.02,634.0,2023-10-04
LRCX.O,625.83,632.98,625.9754,620.29,633.88,2023-10-05
LRCX.O,628.11,620.67,625.9319,609.22,632.08,2023-10-06
LRCX.O,627.69,621.24,625.6771,614.76,630.87,2023-10-09
LRCX.O,634.38,633.46,635.5169,628.28,642.95,2023-10-10
LRCX.O,641.73,640.95,639.5459,633.945,643.25,2023-10-11
LRCX.O,654.96,645.35,656.6006,645.21,665.0,2023-10-12
LRCX.O,645.12,661.0,647.5448,642.0,664.39,2023-10-13
LRCX.O,650.7,647.82,651.6206,644.1173,655.63,2023-10-16
LRCX.O,649.95,638.14,644.2812,626.46,653.44,2023-10-17
LRCX.O,642.24,638.0,639.8157,626.28,645.15,2023-10-18
LRCX.O,601.95,626.95,608.5675,600.2137,632.5,2023-10-19
LRCX.O,600.35,603.7,602.1154,598.42,608.21,2023-10-20
LRCX.O,599.58,596.3,600.1762,589.39,607.29,2023-10-23
LRCX.O,604.02,605.22,604.6974,598.94,611.34,2023-10-24
LRCX.O,583.34,596.69,586.9031,581.07,598.54,2023-10-25
LRCX.O,585.13,589.1,590.3374,583.52,604.58,2023-10-26
LRCX.O,584.02,584.3,584.9603,580.78,593.555,2023-10-27
LRCX.O,583.5,582.41,584.6041,577.19,593.365,2023-10-30
LRCX.O,588.22,586.33,585.9905,574.42,590.775,2023-10-31
LRCX.O,606.66,592.87,600.3829,588.77,607.64,2023-11-01
LRCX.O,625.54,625.0,624.5202,615.9,629.73,2023-06-13
LRCX.O,630.03,620.0,624.0154,613.05,630.72,2023-06-14
LRCX.O,621.0,617.7,620.9572,616.42,625.125,2023-06-15
LRCX.O,612.65,623.62,615.5245,610.37,623.99,2023-06-16
LRCX.O,614.28,610.81,612.68,607.96,618.68,2023-06-20
LRCX.O,605.8,609.29,607.4725,602.31,615.8,2023-06-21
LRCX.O,619.87,601.1,618.3558,598.42,624.48,2023-06-22
LRCX.O,608.76,609.5,608.1725,601.37,611.35,2023-06-23
LRCX.O,620.33,614.15,625.3713,613.69,633.41,2023-06-26
LRCX.O,649.16,623.74,640.3373,622.01,650.23,2023-06-27
LRCX.O,642.18,639.99,642.8694,635.9686,649.665,2023-06-28
LRCX.O,640.36,647.62,640.9414,636.0,647.895,2023-06-29
LRCX.O,642.86,644.33,644.3488,638.91,648.87,2023-06-30
LRCX.O,650.99,642.86,645.242,638.85,651.01,2023-07-03
LRCX.O,628.58,644.07,634.316,628.5,646.08,2023-07-05
LRCX.O,621.0,617.44,617.7196,611.66,622.7441,2023-07-06
LRCX.O,617.87,621.87,622.6632,616.94,629.36,2023-07-07
LRCX.O,627.64,620.0,626.3845,617.6,630.28,2023-07-10
LRCX.O,619.42,628.55,614.5031,608.26,630.14,2023-07-11
LRCX.O,622.6,628.96,622.7384,617.7887,629.0,2023-07-12
LRCX.O,638.3,627.0,637.8139,627.0,642.08,2023-07-13
LRCX.O,638.56,642.12,641.493,635.92,647.18,2023-07-14
LRCX.O,660.07,635.0,654.9933,635.0,663.8325,2023-07-17
LRCX.O,655.94,654.24,654.7069,648.68,660.99,2023-07-18
LRCX.O,640.11,652.45,642.9263,638.215,654.2083,2023-07-19
LRCX.O,615.52,629.7,619.3221,612.61,629.87,2023-07-20
LRCX.O,623.63,619.52,623.2263,617.99,626.95,2023-07-21
LRCX.O,639.03,629.49,637.0545,629.0,642.585,2023-07-24
LRCX.O,650.24,639.03,649.984,638.05,654.3843,2023-07-25
LRCX.O,642.37,642.02,640.8079,632.14,648.34,2023-07-26
LRCX.O,701.95,675.0,701.196,673.32,715.94,2023-07-27
LRCX.O,721.26,710.29,718.7034,705.598,724.07,2023-07-28
LRCX.O,718.49,721.46,719.9324,713.715,726.525,2023-07-31
LRCX.O,715.9,708.85,715.8082,708.44,719.49,2023-08-01
LRCX.O,685.88,705.2,689.6461,683.6,707.25,2023-08-02
LRCX.O,693.36,681.21,689.5736,677.52,695.01,2023-08-03
LRCX.O,690.46,693.36,693.0397,686.53,702.63,2023-08-04
LRCX.O,705.36,698.0,703.1518,691.23,706.56,2023-08-07
LRCX.O,696.0,695.61,693.3797,686.68,698.43,2023-08-08
LRCX.O,686.05,696.77,690.9278,685.69,699.95,2023-08-09
LRCX.O,493.4,482.09,492.0367,481.72,495.48,2023-03-08
LRCX.O,490.28,491.45,493.4447,488.26,503.8077,2023-03-09
LRCX.O,478.82,494.44,480.543,473.53,496.0599,2023-03-10
LRCX.O,477.0,469.07,476.3476,467.025,483.67,2023-03-13
LRCX.O,493.98,485.14,492.6775,484.63,499.7016,2023-03-14
LRCX.O,487.05,486.29,482.447,473.985,488.99,2023-03-15
LRCX.O,515.19,482.94,507.1794,480.455,515.92,2023-03-16
LRCX.O,508.36,515.19,509.6443,503.805,519.9,2023-03-17
LRCX.O,513.29,510.5,512.0767,505.74,515.56,2023-03-20
LRCX.O,507.36,516.94,507.1262,498.1041,521.565,2023-03-21
LRCX.O,506.3,506.99,513.2095,505.83,525.0,2023-03-22
LRCX.O,523.59,514.39,524.7302,513.33,532.56,2023-03-23
LRCX.O,502.06,515.0,503.796,498.78,517.41,2023-03-24
LRCX.O,495.77,508.26,500.0248,494.68,509.8,2023-03-27
LRCX.O,485.08,495.4,483.822,478.77,496.55,2023-03-28
LRCX.O,515.75,494.54,510.1452,492.255,521.155,2023-03-29
LRCX.O,531.36,523.61,528.289,521.9601,532.755,2023-03-30
LRCX.O,530.12,527.64,529.2097,525.39,533.085,2023-03-31
LRCX.O,521.51,524.09,519.4646,514.62,526.21,2023-04-03
LRCX.O,504.29,523.0,507.9627,501.24,524.11,2023-04-04
LRCX.O,493.48,499.9,492.0436,486.46,499.9,2023-04-05
LRCX.O,493.79,486.04,491.8231,480.45,496.39,2023-04-06
LRCX.O,507.46,486.22,504.187,486.06,511.44,2023-04-10
LRCX.O,507.51,510.3,508.4315,505.65,511.76,2023-04-11
LRCX.O,497.07,513.34,500.3086,496.12,513.6713,2023-04-12
LRCX.O,498.35,499.49,497.1327,490.5,502.075,2023-04-13
LRCX.O,500.84,497.09,498.9948,492.59,505.86,2023-04-14
LRCX.O,492.66,489.99,488.3186,483.105,495.025,2023-04-17
LRCX.O,495.37,494.76,493.864,489.105,500.44,2023-04-18
LRCX.O,491.02,485.98,490.0458,482.744,493.909,2023-04-19
LRCX.O,526.52,510.96,525.2592,508.11,536.5,2023-04-20
LRCX.O,517.19,524.19,518.8691,513.83,524.3289,2023-04-21
LRCX.O,514.38,515.37,512.5491,506.38,518.0829,2023-04-24
LRCX.O,499.72,511.55,504.9412,499.4575,516.62,2023-04-25
LRCX.O,497.4,503.25,499.6948,495.16,507.71,2023-04-26
LRCX.O,518.89,503.55,511.2971,493.42,519.51,2023-04-27
LRCX.O,524.08,519.26,520.8558,512.52,524.47,2023-04-28
LRCX.O,523.83,523.87,525.1153,521.35,531.49,2023-05-01
LRCX.O,521.88,523.75,521.2935,514.27,526.69,2023-05-02
LRCX.O,514.55,522.51,518.0186,513.01,527.0,2023-05-03
LRCX.O,464.3,460.03,458.8643,448.95,464.44,2022-12-12
LRCX.O,475.94,485.54,478.7656,470.04,490.65,2022-12-13
LRCX.O,468.24,474.85,472.1391,464.2323,481.88,2022-12-14
LRCX.O,446.06,456.02,448.9678,444.03,459.7302,2022-12-15
LRCX.O,443.92,442.89,442.9124,438.13,447.985,2022-12-16
LRCX.O,438.69,442.33,437.6819,432.1,442.845,2022-12-19
LRCX.O,437.36,433.4,438.1074,432.6509,441.09,2022-12-20
LRCX.O,447.87,441.32,446.8926,440.08,450.81,2022-12-21
LRCX.O,409.11,431.9,408.3441,397.06,433.2079,2022-12-22
LRCX.O,412.12,405.62,407.9068,400.55,412.47,2022-12-23
LRCX.O,405.46,408.0,407.2778,404.76,411.61,2022-12-27
LRCX.O,402.8,403.43,403.1849,399.29,407.75,2022-12-28
LRCX.O,420.61,409.71,418.3838,408.1,422.57,2022-12-29
LRCX.O,420.3,412.58,417.1643,410.84,420.59,2022-12-30
LRCX.O,414.3,429.72,414.6161,407.2719,430.1,2023-01-03
LRCX.O,422.46,421.64,422.1282,416.47,428.27,2023-01-04
LRCX.O,417.06,415.62,418.4789,412.6,424.58,2023-01-05
LRCX.O,445.27,429.14,440.3593,420.356,447.34,2023-01-06
LRCX.O,452.43,451.2,454.5372,444.62,463.4,2023-01-09
LRCX.O,458.61,448.08,454.8171,447.162,458.806,2023-01-10
LRCX.O,464.3,447.7,458.1055,445.57,464.45,2023-01-11
LRCX.O,470.04,469.99,467.9869,453.4,475.53,2023-01-12
LRCX.O,473.67,462.3,471.6885,462.3,474.82,2023-01-13
LRCX.O,470.99,469.91,469.8382,463.39,473.67,2023-01-17
LRCX.O,466.89,477.18,472.7988,466.52,483.47,2023-01-18
LRCX.O,453.89,462.3,456.6785,453.65,464.765,2023-01-19
LRCX.O,472.5,459.09,467.3949,456.82,472.66,2023-01-20
LRCX.O,490.78,474.8,488.8398,472.39,498.84,2023-01-23
LRCX.O,487.5,485.21,487.4096,483.87,491.7199,2023-01-24
LRCX.O,488.4,472.19,481.4276,467.0,491.39,2023-01-25
LRCX.O,497.75,484.75,490.9498,474.0014,498.66,2023-01-26
LRCX.O,482.88,487.99,487.9017,482.57,497.93,2023-01-27
LRCX.O,478.63,476.36,479.5497,473.41,483.785,2023-01-30
LRCX.O,500.1,480.72,493.3073,480.0,500.2,2023-01-31
LRCX.O,530.26,498.69,520.4304,498.49,534.03,2023-02-01
LRCX.O,541.04,539.04,539.4474,529.85,548.85,2023-02-02
LRCX.O,529.25,529.3,531.448,526.48,539.95,2023-02-03
LRCX.O,520.95,521.9,523.0743,518.25,530.0,2023-02-06
LRCX.O,533.24,521.89,527.8511,516.84,536.58,2023-02-07
LRCX.O,517.91,529.0,520.0951,514.54,533.28,2023-02-08
LRCX.O,439.16,425.34,436.8316,424.01,444.6804,2022-09-08
LRCX.O,450.78,447.4,450.3211,445.41,452.86,2022-09-09
LRCX.O,447.3,447.29,446.84,442.1,453.48,2022-09-12
LRCX.O,420.48,429.0,423.4243,418.2,432.16,2022-09-13
LRCX.O,421.76,424.01,420.6345,414.62,426.66,2022-09-14
LRCX.O,413.44,418.66,414.5913,407.71,422.34,2022-09-15
LRCX.O,409.22,408.26,407.9762,403.2,413.87,2022-09-16
LRCX.O,409.22,403.22,409.1485,403.22,413.87,2022-09-19
LRCX.O,403.4,403.45,402.9985,399.44,405.3,2022-09-20
LRCX.O,398.65,404.9,405.723,398.44,418.375,2022-09-21
LRCX.O,386.83,394.45,389.2033,385.815,396.68,2022-09-22
LRCX.O,380.56,382.43,378.6151,373.575,383.89,2022-09-23
LRCX.O,371.44,380.68,375.4283,371.12,385.29,2022-09-26
LRCX.O,376.7,379.86,374.908,369.34,381.65,2022-09-27
LRCX.O,381.65,373.42,380.1233,372.255,383.61,2022-09-28
LRCX.O,370.55,375.16,368.7514,364.23,375.43,2022-09-29
LRCX.O,366.0,358.25,367.6822,358.0,373.52,2022-09-30
LRCX.O,389.68,372.3,389.2374,370.72,396.76,2022-10-03
LRCX.O,400.63,402.78,402.0158,397.51,408.5,2022-10-04
LRCX.O,399.91,391.94,394.8448,385.01,404.71,2022-10-05
LRCX.O,397.6,398.61,399.0644,395.21,407.44,2022-10-06
LRCX.O,374.84,386.67,376.8851,371.775,388.66,2022-10-07
LRCX.O,350.72,369.98,350.4986,340.42,370.305,2022-10-10
LRCX.O,327.05,345.3,332.5202,322.31,350.24,2022-10-11
LRCX.O,323.98,328.76,325.5771,323.16,330.92,2022-10-12
LRCX.O,340.61,302.47,327.1813,299.592,344.72,2022-10-13
LRCX.O,314.95,340.61,321.3582,314.3,340.99,2022-10-14
LRCX.O,315.42,327.01,316.7079,312.71,329.19,2022-10-17
LRCX.O,322.06,327.06,322.2784,315.7,331.835,2022-10-18
LRCX.O,330.08,322.41,328.1781,318.67,332.19,2022-10-19
LRCX.O,355.87,340.615,354.5775,334.035,366.92,2022-10-20
LRCX.O,369.29,354.97,365.5645,354.97,372.855,2022-10-21
LRCX.O,373.96,370.43,372.1641,364.53,377.17,2022-10-24
LRCX.O,379.86,375.02,379.5969,375.02,386.51,2022-10-25
LRCX.O,385.6,374.25,386.311,373.78,393.85,2022-10-26
LRCX.O,389.11,388.96,389.6817,381.4896,397.96,2022-10-27
LRCX.O,405.59,390.505,402.5931,389.52,406.95,2022-10-28
LRCX.O,404.78,404.87,405.1263,399.19,410.5,2022-10-31
LRCX.O,412.71,413.0,412.6575,406.47,416.965,2022-11-01
LRCX.O,395.52,411.56,406.7958,394.77,421.05,2022-11-02
LRCX.O,449.77,453.3,450.142,445.1001,455.41,2022-06-14
LRCX.O,453.64,449.77,453.345,444.46,462.78,2022-06-15
LRCX.O,418.3,441.56,421.6548,412.69,443.025,2022-06-16
LRCX.O,419.46,417.12,419.3412,411.39,424.2154,2022-06-17
LRCX.O,433.04,427.25,434.8328,426.99,442.32,2022-06-21
LRCX.O,425.63,423.27,427.2201,420.52,434.68,2022-06-22
LRCX.O,424.08,431.35,422.8803,415.425,431.35,2022-06-23
LRCX.O,450.19,432.34,446.9078,431.1968,450.41,2022-06-24
LRCX.O,449.79,456.12,450.3935,446.25,457.23,2022-06-27
LRCX.O,438.26,451.38,443.3964,436.77,459.27,2022-06-28
LRCX.O,427.05,432.45,428.6565,425.0,434.0,2022-06-29
LRCX.O,426.15,419.02,426.1858,415.0,436.74,2022-06-30
LRCX.O,394.83,409.1,396.0378,386.505,414.7,2022-07-01
LRCX.O,388.77,379.67,383.8852,375.87,391.0,2022-07-05
LRCX.O,391.69,391.03,390.8571,383.66,396.795,2022-07-06
LRCX.O,414.88,403.22,413.1812,402.02,417.42,2022-07-07
LRCX.O,415.12,409.18,412.0099,405.36,417.1767,2022-07-08
LRCX.O,402.41,409.06,403.9156,398.45,410.03,2022-07-11
LRCX.O,405.87,404.9,406.5663,401.78,410.93,2022-07-12
LRCX.O,412.01,396.13,409.9403,396.0,414.35,2022-07-13
LRCX.O,419.32,408.26,414.5724,401.19,423.085,2022-07-14
LRCX.O,427.13,424.16,422.6413,412.01,427.39,2022-07-15
LRCX.O,423.16,437.85,428.4058,419.69,437.86,2022-07-18
LRCX.O,446.94,430.99,443.9768,429.94,447.69,2022-07-19
LRCX.O,465.1,445.97,461.1604,444.4,468.38,2022-07-20
LRCX.O,476.13,468.77,471.8592,461.6,477.165,2022-07-21
LRCX.O,463.99,475.04,466.9276,461.0,477.74,2022-07-22
LRCX.O,457.45,450.26,454.3035,447.38,458.31,2022-07-25
LRCX.O,447.23,452.78,448.9663,445.37,456.9355,2022-07-26
LRCX.O,467.66,454.23,463.5037,453.99,471.34,2022-07-27
LRCX.O,484.94,464.41,473.7592,453.35,487.12,2022-07-28
LRCX.O,500.51,477.91,496.244,476.51,506.0,2022-07-29
LRCX.O,502.8,488.93,500.694,486.81,506.0,2022-08-01
LRCX.O,502.65,496.42,502.7517,489.57,509.225,2022-08-02
LRCX.O,524.69,506.34,519.4227,504.8,528.82,2022-08-03
LRCX.O,531.85,522.87,528.6911,521.8101,532.35,2022-08-04
LRCX.O,519.97,521.07,518.3202,508.86,528.1541,2022-08-05
LRCX.O,509.54,513.8,508.2142,498.61,522.552,2022-08-08
LRCX.O,469.4,488.05,468.6747,457.04,488.625,2022-08-09
LRCX.O,494.95,481.27,488.2372,470.52,495.63,2022-08-10
LRCX.O,517.31,509.4,515.2097,503.8701,522.21,2022-03-09
LRCX.O,497.07,504.78,495.5379,488.2577,507.005,2022-03-10
LRCX.O,483.39,511.55,488.7333,482.58,512.17,2022-03-11
LRCX.O,469.0,488.29,473.0405,466.06,490.58,2022-03-14
LRCX.O,484.72,475.17,480.5166,471.555,486.95,2022-03-15
LRCX.O,514.49,496.3,506.7804,490.0,514.625,2022-03-16
LRCX.O,526.32,510.17,520.2732,507.55,526.59,2022-03-17
LRCX.O,544.64,525.17,539.6469,523.0,547.48,2022-03-18
LRCX.O,536.86,538.0,534.0796,525.87,544.2791,2022-03-21
LRCX.O,546.76,538.0,546.7201,538.0,552.85,2022-03-22
LRCX.O,530.99,540.37,537.3469,530.59,548.0,2022-03-23
LRCX.O,556.22,537.3,549.95,531.79,556.7,2022-03-24
LRCX.O,554.82,555.16,552.0818,545.17,556.9285,2022-03-25
LRCX.O,557.31,549.57,552.0043,540.93,557.86,2022-03-28
LRCX.O,568.93,568.4,567.0309,558.1571,574.786,2022-03-29
LRCX.O,548.56,562.22,553.5709,545.33,570.99,2022-03-30
LRCX.O,537.61,549.99,543.3184,537.14,557.51,2022-03-31
LRCX.O,525.45,541.22,525.2821,517.07,545.77,2022-04-01
LRCX.O,535.55,526.33,532.8889,524.35,536.76,2022-04-04
LRCX.O,503.64,528.61,506.5522,500.05,530.0,2022-04-05
LRCX.O,498.17,493.91,495.874,488.07,505.7,2022-04-06
LRCX.O,503.34,497.34,501.6711,492.715,508.765,2022-04-07
LRCX.O,491.64,498.01,493.5121,490.8301,500.88,2022-04-08
LRCX.O,475.76,487.14,478.6262,475.21,488.03,2022-04-11
LRCX.O,467.0,481.02,473.4095,464.765,487.95,2022-04-12
LRCX.O,472.61,469.66,473.3496,467.88,477.31,2022-04-13
LRCX.O,456.16,473.42,460.9737,455.84,474.0,2022-04-14
LRCX.O,470.55,451.28,466.6998,451.001,473.0,2022-04-18
LRCX.O,479.19,469.28,478.4278,466.025,482.78,2022-04-19
LRCX.O,481.45,492.66,487.5088,479.68,504.81,2022-04-20
LRCX.O,469.51,488.67,478.3889,468.5,497.6,2022-04-21
LRCX.O,463.13,467.0,465.0742,460.37,472.31,2022-04-22
LRCX.O,476.42,460.48,472.4283,459.12,480.36,2022-04-25
LRCX.O,457.22,466.64,461.1198,456.71,470.31,2022-04-26
LRCX.O,456.78,454.41,457.3214,449.5,468.58,2022-04-27
LRCX.O,484.49,468.26,479.5579,462.61,489.61,2022-04-28
LRCX.O,465.76,475.0,472.2884,464.86,491.44,2022-04-29
LRCX.O,479.32,467.28,472.0773,459.175,479.76,2022-05-02
LRCX.O,485.39,476.6,483.9089,473.2,488.64,2022-05-03
LRCX.O,505.92,487.17,495.6705,477.41,507.625,2022-05-04
LRCX.O,679.21,674.62,676.2681,668.14,683.3873,2021-12-14
LRCX.O,697.31,680.0,682.9203,665.38,698.8,2021-12-15
LRCX.O,671.28,701.77,677.9857,666.64,707.35,2021-12-16
LRCX.O,669.17,665.0,669.2706,660.64,677.89,2021-12-17
LRCX.O,661.08,658.85,661.1186,653.9,673.01,2021-12-20
LRCX.O,683.07,679.55,679.5337,665.14,687.06,2021-12-21
LRCX.O,691.22,678.48,685.2113,672.92,692.03,2021-12-22
LRCX.O,698.72,694.48,699.4701,693.375,706.942,2021-12-23
LRCX.O,723.4,702.79,719.3452,702.79,724.0,2021-12-27
LRCX.O,716.1,725.0,719.2382,714.64,728.38,2021-12-28
LRCX.O,726.75,718.685,724.8383,716.1,728.1654,2021-12-29
LRCX.O,718.33,728.0,722.2625,717.18,728.0,2021-12-30
LRCX.O,719.15,718.31,720.8186,717.2301,725.87,2021-12-31
LRCX.O,725.46,721.13,721.6262,711.83,731.0599,2022-01-03
LRCX.O,712.0,726.73,713.1333,702.45,731.8492,2022-01-04
LRCX.O,691.81,712.79,701.1306,690.61,714.8999,2022-01-05
LRCX.O,701.91,693.5,698.7832,686.96,705.69,2022-01-06
LRCX.O,669.29,697.88,676.3404,668.39,703.215,2022-01-07
LRCX.O,664.29,658.62,656.1535,643.21,667.82,2022-01-10
LRCX.O,673.21,652.82,666.4069,652.01,673.55,2022-01-11
LRCX.O,686.32,679.08,683.9834,674.32,689.02,2022-01-12
LRCX.O,686.77,705.0,710.1569,683.33,730.655,2022-01-13
LRCX.O,729.82,683.57,717.8951,681.8,730.75,2022-01-14
LRCX.O,679.01,716.655,691.6647,676.43,717.4,2022-01-18
LRCX.O,642.73,690.85,659.1535,642.05,698.68,2022-01-19
LRCX.O,619.67,654.69,637.108,617.52,657.99,2022-01-20
LRCX.O,605.79,616.1965,617.1242,604.45,636.73,2022-01-21
LRCX.O,621.82,585.0,599.454,575.51,623.24,2022-01-24
LRCX.O,588.23,600.14,591.0368,581.0,604.44,2022-01-25
LRCX.O,596.67,603.52,602.1975,580.38,614.22,2022-01-26
LRCX.O,555.3,594.9,561.5887,550.73,600.5,2022-01-27
LRCX.O,561.14,553.62,549.2301,530.0,561.16,2022-01-28
LRCX.O,589.92,563.56,581.358,556.83,589.97,2022-01-31
LRCX.O,589.47,590.0,584.0178,572.0,593.85,2022-02-01
LRCX.O,611.77,597.97,605.1685,590.0701,613.3044,2022-02-02
LRCX.O,588.76,596.98,595.6033,585.77,605.56,2022-02-03
LRCX.O,579.07,586.5,581.1933,573.6401,589.55,2022-02-04
LRCX.O,571.37,581.07,577.3063,568.98,589.605,2022-02-07
LRCX.O,576.29,566.53,572.7209,560.6,577.57,2022-02-08
LRCX.O,607.44,589.07,602.3101,583.03,610.5,2022-02-09
LRCX.O,593.61,581.0,589.8866,579.0,596.92,2021-09-09
LRCX.O,598.11,602.13,604.4284,596.51,612.12,2021-09-10
LRCX.O,608.77,602.91,607.4815,599.56,614.94,2021-09-13
LRCX.O,603.5,600.61,603.6908,598.63,611.3958,2021-09-14
LRCX.O,611.5,600.9161,607.0513,597.09,611.87,2021-09-15
LRCX.O,615.85,603.86,611.3682,599.8,617.16,2021-09-16
LRCX.O,608.98,614.95,608.7259,603.64,616.23,2021-09-17
LRCX.O,589.91,594.9,587.4052,581.08,595.05,2021-09-20
LRCX.O,586.22,592.37,587.4221,578.298,594.275,2021-09-21
LRCX.O,601.1,594.0,598.3062,588.89,603.73,2021-09-22
LRCX.O,612.56,600.59,612.7379,596.725,617.9389,2021-09-23
LRCX.O,612.48,604.64,610.177,601.31,613.805,2021-09-24
LRCX.O,616.67,602.98,615.8163,602.28,621.99,2021-09-27
LRCX.O,585.97,596.06,591.9335,584.98,606.36,2021-09-28
LRCX.O,567.51,586.11,573.7946,566.85,588.9999,2021-09-29
LRCX.O,569.15,573.29,571.9649,567.9275,577.53,2021-09-30
LRCX.O,569.73,571.12,567.6512,560.6,573.65,2021-10-01
LRCX.O,550.14,565.97,552.1872,548.33,566.5,2021-10-04
LRCX.O,555.9,556.68,557.6692,550.62,563.28,2021-10-05
LRCX.O,551.73,550.0,551.0423,544.83,557.9,2021-10-06
LRCX.O,555.82,564.03,558.7867,554.26,564.142,2021-10-07
LRCX.O,550.16,558.62,552.0155,549.08,559.95,2021-10-08
LRCX.O,552.44,548.13,556.2242,548.01,561.47,2021-10-11
LRCX.O,546.78,557.85,548.4597,542.28,558.18,2021-10-12
LRCX.O,544.41,552.96,548.1637,543.08,558.1693,2021-10-13
LRCX.O,567.93,558.6,563.6487,554.27,568.08,2021-10-14
LRCX.O,564.47,566.5,564.1055,561.39,568.5105,2021-10-15
LRCX.O,568.7,560.0,564.985,558.73,569.44,2021-10-18
LRCX.O,570.83,569.14,571.8211,565.83,578.0,2021-10-19
LRCX.O,565.5,570.6,567.7488,564.06,572.77,2021-10-20
LRCX.O,555.42,544.89,547.8045,535.01,555.865,2021-10-21
LRCX.O,556.74,560.0,563.567,554.3,575.81,2021-10-22
LRCX.O,551.97,558.05,555.029,549.4,562.01,2021-10-25
LRCX.O,548.94,556.88,551.1493,546.29,559.2399,2021-10-26
LRCX.O,553.62,548.02,553.685,546.19,560.54,2021-10-27
LRCX.O,565.95,563.74,570.1209,563.41,579.94,2021-10-28
LRCX.O,563.57,558.34,563.1815,556.2,567.16,2021-10-29
LRCX.O,572.76,565.0,569.7997,561.36,572.92,2021-11-01
LRCX.O,574.24,574.74,574.5413,572.0,578.0,2021-11-02
LRCX.O,581.4,575.06,577.4337,569.4,583.49,2021-11-03
LRCX.O,638.74,645.68,640.3416,632.555,650.89,2021-06-16
LRCX.O,639.78,636.45,638.9902,628.7,647.0,2021-06-17
LRCX.O,612.66,630.1,616.5845,608.89,631.5766,2021-06-18
LRCX.O,618.62,614.4535,617.8163,608.58,623.97,2021-06-21
LRCX.O,621.79,617.52,619.565,609.25,626.15,2021-06-22
LRCX.O,624.22,625.0,626.8512,623.34,633.2,2021-06-23
LRCX.O,635.02,633.81,634.9888,631.7994,637.61,2021-06-24
LRCX.O,630.44,635.0,630.5436,625.72,636.3299,2021-06-25
LRCX.O,646.96,636.77,645.3024,636.69,649.53,2021-06-28
LRCX.O,651.79,646.9,650.9791,644.01,654.65,2021-06-29
LRCX.O,650.7,651.26,648.6235,643.41,651.825,2021-06-30
LRCX.O,633.07,647.67,635.5451,631.2238,649.38,2021-07-01
LRCX.O,631.44,640.2315,632.4273,627.0,641.25,2021-07-02
LRCX.O,621.9,631.44,623.5563,614.45,637.71,2021-07-06
LRCX.O,613.59,629.09,615.5507,609.765,629.415,2021-07-07
LRCX.O,606.03,600.6394,604.8523,594.21,613.5,2021-07-08
LRCX.O,612.85,607.81,611.6094,602.88,614.33,2021-07-09
LRCX.O,625.42,617.51,624.6263,616.955,629.27,2021-07-12
LRCX.O,624.67,622.7379,622.6556,615.55,626.0,2021-07-13
LRCX.O,617.88,632.1,625.4289,616.35,640.5,2021-07-14
LRCX.O,610.74,614.78,610.4514,603.58,620.9999,2021-07-15
LRCX.O,588.48,612.8,595.9359,586.0,616.0,2021-07-16
LRCX.O,591.52,577.99,585.3003,575.3317,591.9,2021-07-19
LRCX.O,607.09,595.94,604.3548,588.19,611.78,2021-07-20
LRCX.O,637.25,608.21,631.2032,608.21,638.78,2021-07-21
LRCX.O,635.93,632.07,634.3694,630.536,638.1899,2021-07-22
LRCX.O,640.27,641.715,639.1457,633.51,644.65,2021-07-23
LRCX.O,640.39,641.23,639.8967,635.25,647.96,2021-07-26
LRCX.O,622.59,635.01,620.8954,607.6,637.26,2021-07-27
LRCX.O,635.0,625.12,632.9627,623.4332,638.0,2021-07-28
LRCX.O,619.63,610.57,610.8216,597.06,622.465,2021-07-29
LRCX.O,637.41,611.0,629.8695,610.67,637.5,2021-07-30
LRCX.O,641.8,646.2,649.3593,641.0,659.489,2021-08-02
LRCX.O,645.52,645.48,643.1059,636.469,649.34,2021-08-03
LRCX.O,649.78,648.82,649.7208,641.5,654.645,2021-08-04
LRCX.O,645.66,651.79,646.9074,642.71,653.6059,2021-08-05
LRCX.O,647.96,642.6,646.3614,642.0,648.35,2021-08-06
LRCX.O,640.5,650.0,643.1512,639.0,650.33,2021-08-09
LRCX.O,617.17,640.8,622.1652,615.11,641.215,2021-08-10
LRCX.O,608.52,619.99,605.6069,596.16,621.91,2021-08-11
LRCX.O,518.7,548.66,527.3559,515.735,551.99,2021-03-10
LRCX.O,535.39,533.8694,536.5386,529.05,542.42,2021-03-11
LRCX.O,524.82,525.0,522.7926,516.8001,527.75,2021-03-12
LRCX.O,536.75,521.6,530.7074,520.25,537.32,2021-03-15
LRCX.O,547.18,542.51,550.5895,539.345,560.17,2021-03-16
LRCX.O,553.01,538.88,547.1388,530.0,558.18,2021-03-17
LRCX.O,539.17,542.13,542.7979,533.33,555.8212,2021-03-18
LRCX.O,542.31,541.9448,543.3566,532.6001,550.99,2021-03-19
LRCX.O,560.03,554.0,560.1424,550.04,567.5871,2021-03-22
LRCX.O,544.41,564.32,551.7635,543.54,564.59,2021-03-23
LRCX.O,552.45,570.67,561.9442,551.63,575.7499,2021-03-24
LRCX.O,548.03,544.87,541.9003,525.02,551.61,2021-03-25
LRCX.O,584.23,549.72,571.8194,549.0501,584.77,2021-03-26
LRCX.O,570.29,582.34,567.5952,559.75,582.52,2021-03-29
LRCX.O,572.56,565.0,570.208,562.12,576.85,2021-03-30
LRCX.O,595.24,584.0,596.0734,583.495,603.49,2021-03-31
LRCX.O,639.3,611.23,628.8447,610.12,640.0,2021-04-01
LRCX.O,660.8,649.7029,657.3855,639.56,666.0,2021-04-05
LRCX.O,652.48,660.0,655.7503,644.0,666.64,2021-04-06
LRCX.O,658.78,652.48,659.2356,650.48,667.419,2021-04-07
LRCX.O,668.0,667.0177,663.8666,654.0099,669.0,2021-04-08
LRCX.O,662.0,665.16,662.0826,656.72,668.9,2021-04-09
LRCX.O,650.27,658.66,650.0659,645.0,659.6,2021-04-12
LRCX.O,644.99,655.56,644.2741,637.8,657.225,2021-04-13
LRCX.O,640.43,640.93,643.381,634.0,651.9,2021-04-14
LRCX.O,649.5,648.02,646.239,637.84,651.78,2021-04-15
LRCX.O,643.71,650.82,644.4853,640.83,652.3,2021-04-16
LRCX.O,621.73,643.7222,620.3891,609.3001,648.34,2021-04-19
LRCX.O,613.03,616.74,613.8951,608.2,625.09,2021-04-20
LRCX.O,641.25,619.58,633.5097,617.44,641.25,2021-04-21
LRCX.O,614.54,643.9,621.96,611.0,649.94,2021-04-22
LRCX.O,627.49,620.77,622.2848,613.57,630.0,2021-04-23
LRCX.O,643.17,626.93,638.2538,623.73,643.35,2021-04-26
LRCX.O,644.88,647.36,644.054,639.8,649.0,2021-04-27
LRCX.O,638.05,644.0,640.0155,633.53,644.0,2021-04-28
LRCX.O,640.97,641.9683,637.5287,629.52,643.0,2021-04-29
LRCX.O,620.45,630.42,624.6089,619.82,637.485,2021-04-30
LRCX.O,617.24,629.2721,618.5753,613.778,630.0,2021-05-03
LRCX.O,606.29,608.38,599.7224,590.2,609.55,2021-05-04
LRCX.O,611.0,617.31,612.9524,603.36,620.99,2021-05-05
LRCX.O,491.87,495.69,493.9296,490.175,500.98,2020-12-14
LRCX.O,495.33,500.0,495.936,492.6701,503.25,2020-12-15
LRCX.O,493.31,496.01,492.8574,489.28,496.475,2020-12-16
LRCX.O,486.24,489.64,486.4044,482.86,491.88,2020-12-17
LRCX.O,480.97,484.24,481.4384,477.7,485.71,2020-12-18
LRCX.O,483.23,469.12,480.3432,468.74,484.71,2020-12-21
LRCX.O,476.95,479.43,477.5206,473.4,481.74,2020-12-22
LRCX.O,471.13,479.62,474.84,470.91,480.79,2020-12-23
LRCX.O,480.34,473.68,477.4361,472.9,480.34,2020-12-24
LRCX.O,476.1,485.58,478.4939,475.36,487.43,2020-12-28
LRCX.O,473.22,475.66,473.4434,469.0,477.015,2020-12-29
LRCX.O,484.45,478.37,484.8347,476.12,488.34,2020-12-30
LRCX.O,472.27,482.3,470.414,465.5004,483.98,2020-12-31
LRCX.O,478.02,478.15,480.999,473.32,491.96,2021-01-04
LRCX.O,494.55,479.45,493.2235,479.45,498.83,2021-01-05
LRCX.O,496.49,490.53,498.3442,489.0,505.71,2021-01-06
LRCX.O,514.46,507.33,513.847,506.65,517.72,2021-01-07
LRCX.O,501.63,514.0,506.5387,498.07,522.25,2021-01-08
LRCX.O,516.48,495.52,513.528,493.55,519.9099,2021-01-11
LRCX.O,536.44,520.23,532.109,518.93,537.86,2021-01-12
LRCX.O,526.5,534.24,528.2152,523.19,534.24,2021-01-13
LRCX.O,557.79,542.4,559.6057,542.34,570.52,2021-01-14
LRCX.O,547.53,552.9836,546.7111,537.28,554.689,2021-01-15
LRCX.O,580.02,559.83,571.7196,558.69,582.48,2021-01-19
LRCX.O,563.0,583.64,567.3893,559.57,585.4161,2021-01-20
LRCX.O,564.19,569.4,561.0421,551.7,570.305,2021-01-21
LRCX.O,563.85,562.77,565.9681,557.12,575.58,2021-01-22
LRCX.O,567.76,571.35,565.847,552.66,575.61,2021-01-25
LRCX.O,552.66,570.27,556.8726,550.397,571.29,2021-01-26
LRCX.O,515.04,538.6,525.6531,512.01,544.97,2021-01-27
LRCX.O,507.35,526.37,513.405,504.0,528.0,2021-01-28
LRCX.O,483.95,505.01,488.6076,481.0506,505.91,2021-01-29
LRCX.O,501.45,491.05,497.0186,486.9225,505.0,2021-02-01
LRCX.O,516.07,512.5,512.3736,505.0,517.45,2021-02-02
LRCX.O,504.33,520.1,508.976,501.475,521.49,2021-02-03
LRCX.O,519.53,504.5,512.6264,500.14,520.5,2021-02-04
LRCX.O,509.76,524.52,512.8315,509.18,525.0,2021-02-05
LRCX.O,532.78,515.0,527.2793,514.16,533.35,2021-02-08
LRCX.O,528.08,535.62,532.0021,526.89,541.0,2021-02-09
LRCX.O,532.5,533.0,530.7967,521.28,536.67,2021-02-10
LRCX.O,297.51,303.76,300.8723,295.78,305.7104,2020-09-10
LRCX.O,293.99,300.54,296.4217,292.28,303.336,2020-09-11
LRCX.O,305.42,301.77,305.0938,299.63,308.62,2020-09-14
LRCX.O,308.93,310.6094,309.3142,303.0,312.817,2020-09-15
LRCX.O,306.6,311.67,310.2525,305.863,314.38,2020-09-16
LRCX.O,305.89,296.17,303.9918,296.17,308.59,2020-09-17
LRCX.O,307.21,308.26,307.1849,301.89,310.83,2020-09-18
LRCX.O,314.96,305.08,311.6632,300.695,317.82,2020-09-21
LRCX.O,318.69,318.33,316.2286,310.1921,319.73,2020-09-22
LRCX.O,317.02,322.38,322.2046,315.8603,327.59,2020-09-23
LRCX.O,327.17,314.02,327.4164,314.02,334.18,2020-09-24
LRCX.O,330.27,324.72,328.2731,322.0,331.89,2020-09-25
LRCX.O,336.61,331.42,335.0107,328.7,337.85,2020-09-28
LRCX.O,337.71,333.9275,338.9628,333.785,342.56,2020-09-29
LRCX.O,331.75,335.24,333.8041,330.2,338.23,2020-09-30
LRCX.O,339.13,339.14,337.5002,333.14,339.25,2020-10-01
LRCX.O,328.71,329.36,331.7467,328.56,335.8599,2020-10-02
LRCX.O,342.23,333.0,339.9549,332.61,343.05,2020-10-05
LRCX.O,340.98,340.96,344.7009,339.41,351.08,2020-10-06
LRCX.O,345.77,347.4,346.9249,343.51,351.5,2020-10-07
LRCX.O,355.43,348.37,352.9347,347.0,355.67,2020-10-08
LRCX.O,362.71,360.9,362.7707,359.17,364.66,2020-10-09
LRCX.O,370.11,369.43,370.3664,367.13,373.39,2020-10-12
LRCX.O,374.19,372.0,374.8191,367.4,378.5,2020-10-13
LRCX.O,374.235,375.32,374.6218,370.21,381.96,2020-10-14
LRCX.O,375.49,362.77,370.2069,358.92,376.3,2020-10-15
LRCX.O,364.96,376.5,367.8616,364.65,376.5,2020-10-16
LRCX.O,363.57,367.5,365.6185,362.01,369.6603,2020-10-19
LRCX.O,363.57,366.0,365.6448,362.5,368.51,2020-10-20
LRCX.O,366.62,363.08,367.0486,362.015,371.0,2020-10-21
LRCX.O,358.01,360.36,358.5061,353.08,363.33,2020-10-22
LRCX.O,353.92,360.0,354.7897,350.315,362.5,2020-10-23
LRCX.O,347.63,350.36,347.0498,343.3,353.47,2020-10-26
LRCX.O,343.83,348.53,344.7832,342.54,349.67,2020-10-27
LRCX.O,338.9,336.93,339.195,333.31,344.54,2020-10-28
LRCX.O,353.26,339.02,352.1682,338.8036,358.19,2020-10-29
LRCX.O,342.08,348.05,343.4147,338.27,352.72,2020-10-30
LRCX.O,350.95,348.12,349.64,345.18,354.47,2020-11-02
LRCX.O,370.53,356.6916,367.79,355.12,373.17,2020-11-03
LRCX.O,380.34,373.89,378.2117,367.28,383.1999,2020-11-04
LRCX.O,313.78,310.59,312.3825,307.62,314.44,2020-06-17
LRCX.O,314.8,314.01,314.9945,312.53,317.725,2020-06-18
LRCX.O,315.25,320.3,318.2211,313.54,325.115,2020-06-19
LRCX.O,312.3,312.0,311.3986,307.0617,314.84,2020-06-22
LRCX.O,315.98,315.02,315.924,312.5,319.0599,2020-06-23
LRCX.O,305.78,311.04,308.2954,303.97,316.63,2020-06-24
LRCX.O,312.6,308.17,307.7664,300.6058,313.38,2020-06-25
LRCX.O,302.52,312.4,304.5781,300.36,312.69,2020-06-26
LRCX.O,308.46,303.75,306.2445,300.61,309.0,2020-06-29
LRCX.O,323.46,311.19,321.9528,308.93,325.8,2020-06-30
LRCX.O,317.48,322.15,319.3763,316.12,322.77,2020-07-01
LRCX.O,323.7,322.86,323.7126,318.64,327.4488,2020-07-02
LRCX.O,334.96,330.01,333.7516,328.98,336.99,2020-07-06
LRCX.O,327.89,332.13,331.8569,327.5,337.27,2020-07-07
LRCX.O,333.8,332.79,332.5572,329.39,335.4,2020-07-08
LRCX.O,335.76,337.36,334.3896,331.05,338.9284,2020-07-09
LRCX.O,339.98,335.09,336.3871,330.65,340.29,2020-07-10
LRCX.O,337.14,343.0,343.6627,336.85,350.24,2020-07-13
LRCX.O,346.06,336.07,342.0114,331.4,347.51,2020-07-14
LRCX.O,343.22,347.07,342.162,335.61,348.8,2020-07-15
LRCX.O,344.88,340.27,344.1541,338.89,346.71,2020-07-16
LRCX.O,346.27,347.86,345.4164,341.1501,348.33,2020-07-17
LRCX.O,353.75,346.27,350.5227,342.01,355.94,2020-07-20
LRCX.O,357.02,357.37,357.2981,352.34,362.2,2020-07-21
LRCX.O,361.96,359.97,360.0213,356.5,363.0,2020-07-22
LRCX.O,354.82,358.85,359.3189,350.91,367.56,2020-07-23
LRCX.O,345.72,344.21,344.104,336.28,348.0,2020-07-24
LRCX.O,358.08,347.44,356.5695,346.675,360.0773,2020-07-27
LRCX.O,348.93,354.61,352.4532,348.6,358.93,2020-07-28
LRCX.O,360.83,352.1,358.2206,349.0,361.84,2020-07-29
LRCX.O,378.54,367.775,374.4051,367.08,381.48,2020-07-30
LRCX.O,377.16,379.56,374.2816,369.29,380.16,2020-07-31
LRCX.O,381.41,380.8,381.8731,379.18,387.695,2020-08-03
LRCX.O,384.96,382.18,383.3986,380.22,385.75,2020-08-04
LRCX.O,383.47,384.58,384.005,382.28,387.09,2020-08-05
LRCX.O,377.81,377.0,376.1476,370.79,379.6,2020-08-06
LRCX.O,372.44,378.38,372.7114,366.45,381.69,2020-08-07
LRCX.O,375.76,372.44,374.0146,369.15,376.82,2020-08-10
LRCX.O,369.01,378.86,373.7234,367.39,380.87,2020-08-11
LRCX.O,381.52,372.18,379.3839,369.93,383.28,2020-08-12
LRCX.O,276.63,278.54,277.4778,272.583,284.49,2020-03-11
LRCX.O,237.85,257.07,251.1302,237.45,265.5899,2020-03-12
LRCX.O,261.78,254.0,254.035,242.63,262.94,2020-03-13
LRCX.O,213.54,223.82,229.1396,213.08,245.77,2020-03-16
LRCX.O,229.3,217.07,224.273,203.73,237.825,2020-03-17
LRCX.O,194.14,203.44,196.8583,181.38,215.34,2020-03-18
LRCX.O,195.01,190.52,193.8349,187.02,201.396,2020-03-19
LRCX.O,187.89,200.01,203.6491,187.11,224.14,2020-03-20
LRCX.O,192.85,190.68,192.5398,185.84,199.95,2020-03-23
LRCX.O,230.64,209.49,222.6066,207.365,232.63,2020-03-24
LRCX.O,233.55,231.82,239.509,228.31,250.11,2020-03-25
LRCX.O,260.34,240.18,254.1395,235.0,260.98,2020-03-26
LRCX.O,241.22,253.35,248.3231,240.4,262.88,2020-03-27
LRCX.O,255.3,246.46,253.7484,241.24,257.9327,2020-03-30
LRCX.O,240.0,252.25,246.8761,238.09,254.99,2020-03-31
LRCX.O,223.33,228.95,227.2652,220.21,237.195,2020-04-01
LRCX.O,220.57,219.58,221.0293,215.921,226.36,2020-04-02
LRCX.O,218.15,223.06,217.3364,213.29,224.44,2020-04-03
LRCX.O,250.75,231.62,245.2905,229.075,252.4,2020-04-06
LRCX.O,256.22,264.18,259.2868,251.44,265.0,2020-04-07
LRCX.O,266.75,259.89,266.0138,257.3311,272.27,2020-04-08
LRCX.O,258.28,271.7,264.4443,255.76,277.42,2020-04-09
LRCX.O,258.78,256.21,255.5025,250.24,259.3,2020-04-13
LRCX.O,272.51,266.2,271.1651,263.59,274.49,2020-04-14
LRCX.O,262.81,266.0,262.103,258.55,266.4,2020-04-15
LRCX.O,270.71,270.01,269.9406,263.29,274.94,2020-04-16
LRCX.O,279.02,278.1552,276.7837,271.47,280.22,2020-04-17
LRCX.O,266.73,273.03,270.8164,266.34,274.92,2020-04-20
LRCX.O,243.63,262.42,248.524,242.57,263.41,2020-04-21
LRCX.O,271.78,255.455,266.5313,255.455,273.37,2020-04-22
LRCX.O,263.96,268.85,267.8922,262.79,276.47,2020-04-23
LRCX.O,266.67,268.53,263.8862,258.11,268.68,2020-04-24
LRCX.O,264.41,270.2,267.6443,262.88,274.427,2020-04-27
LRCX.O,261.85,270.23,264.2846,259.47,271.4899,2020-04-28
LRCX.O,279.99,268.0,276.4875,265.17,281.95,2020-04-29
LRCX.O,255.28,275.0,261.8106,254.71,275.69,2020-04-30
LRCX.O,235.02,246.73,234.5032,229.69,247.0,2020-05-01
LRCX.O,234.52,233.98,233.538,231.38,234.982,2020-05-04
LRCX.O,242.81,240.6137,246.8138,239.9,252.04,2020-05-05
LRCX.O,244.56,249.35,249.0021,244.01,254.49,2020-05-06
LRCX.O,284.25,286.15,285.9138,284.25,288.44,2019-12-16
LRCX.O,290.57,286.5,288.8811,285.33,291.25,2019-12-17
LRCX.O,288.02,290.41,288.652,286.89,292.25,2019-12-18
LRCX.O,293.29,290.61,291.4663,288.28,293.41,2019-12-19
LRCX.O,297.41,297.79,297.474,293.72,299.39,2019-12-20
LRCX.O,294.45,298.38,295.5351,294.27,299.0,2019-12-23
LRCX.O,294.48,295.69,293.8364,292.115,296.08,2019-12-24
LRCX.O,294.92,294.97,294.4314,293.14,295.32,2019-12-26
LRCX.O,293.7,295.92,293.9705,292.765,296.37,2019-12-27
LRCX.O,292.54,292.51,291.5083,287.64,293.215,2019-12-30
LRCX.O,292.4,291.5,291.5426,288.52,292.59,2019-12-31
LRCX.O,297.89,295.78,296.9794,294.491,299.8,2020-01-02
LRCX.O,294.69,292.05,294.9466,291.72,296.81,2020-01-03
LRCX.O,289.19,289.79,289.5401,287.54,292.03,2020-01-06
LRCX.O,296.24,291.74,295.8997,291.376,298.535,2020-01-07
LRCX.O,299.97,297.48,299.3455,295.2,301.67,2020-01-08
LRCX.O,297.93,302.12,297.8617,293.5,303.88,2020-01-09
LRCX.O,294.34,299.11,295.6177,292.95,301.2822,2020-01-10
LRCX.O,297.29,294.38,296.0618,292.505,297.33,2020-01-13
LRCX.O,300.76,300.14,300.9402,296.74,304.37,2020-01-14
LRCX.O,298.34,299.28,298.5857,296.72,300.55,2020-01-15
LRCX.O,305.95,301.82,304.8627,300.9516,307.258,2020-01-16
LRCX.O,308.0,307.05,306.4298,302.16,308.49,2020-01-17
LRCX.O,308.68,308.19,309.4362,307.31,311.9066,2020-01-21
LRCX.O,311.34,311.0,312.7014,310.75,315.36,2020-01-22
LRCX.O,312.42,312.0,310.7092,307.55,312.68,2020-01-23
LRCX.O,306.54,315.89,308.4265,303.71,316.73,2020-01-24
LRCX.O,293.79,297.03,294.9956,292.69,298.6775,2020-01-27
LRCX.O,301.69,298.78,300.0068,293.3554,303.25,2020-01-28
LRCX.O,298.22,302.23,299.7974,295.91,303.99,2020-01-29
LRCX.O,310.95,318.4,310.9991,305.76,319.0,2020-01-30
LRCX.O,298.21,308.0,300.4696,297.27,308.97,2020-01-31
LRCX.O,308.44,300.0,307.1208,300.0,309.58,2020-02-03
LRCX.O,325.4,316.56,323.638,316.12,326.82,2020-02-04
LRCX.O,325.62,331.23,326.3857,323.7,332.534,2020-02-05
LRCX.O,323.52,326.0,324.5719,323.0,326.85,2020-02-06
LRCX.O,315.4,320.63,316.9084,314.72,321.28,2020-02-07
LRCX.O,319.83,313.98,316.7481,313.0,319.89,2020-02-10
LRCX.O,325.67,322.87,325.3397,322.87,326.83,2020-02-11
LRCX.O,334.62,328.0,333.316,328.0,335.18,2020-02-12
LRCX.O,234.87,235.0,234.8404,231.692,236.34,2019-09-12
LRCX.O,235.56,236.63,236.2846,233.94,237.9,2019-09-13
LRCX.O,234.94,232.79,235.3124,230.62,237.08,2019-09-16
LRCX.O,236.78,234.19,235.5137,232.4,236.8,2019-09-17
LRCX.O,237.64,235.01,237.0862,234.32,238.69,2019-09-18
LRCX.O,236.86,238.8,237.0177,235.355,238.9,2019-09-19
LRCX.O,235.31,237.21,236.3672,233.31,239.4,2019-09-20
LRCX.O,238.24,235.0,238.4663,234.38,240.09,2019-09-23
LRCX.O,235.86,239.2,236.4448,234.32,240.0,2019-09-24
LRCX.O,241.6,232.99,239.1625,232.77,241.96,2019-09-25
LRCX.O,242.83,241.85,243.0374,241.1,244.98,2019-09-26
LRCX.O,230.08,238.81,231.5371,227.455,238.81,2019-09-27
LRCX.O,231.11,229.73,230.5901,227.29,233.305,2019-09-30
LRCX.O,230.39,233.0,231.1003,228.21,235.53,2019-10-01
LRCX.O,228.0,227.18,227.7544,225.95,229.58,2019-10-02
LRCX.O,229.05,229.32,228.7792,225.17,230.115,2019-10-03
LRCX.O,233.27,230.17,232.4971,229.43,233.41,2019-10-04
LRCX.O,232.14,233.17,233.233,231.92,234.5,2019-10-07
LRCX.O,227.7,229.87,228.4414,225.0,231.25,2019-10-08
LRCX.O,233.13,232.0,232.9411,231.07,234.74,2019-10-09
LRCX.O,234.62,232.59,235.1325,232.166,237.41,2019-10-10
LRCX.O,237.09,239.81,238.4246,236.61,240.28,2019-10-11
LRCX.O,236.28,236.42,236.678,235.64,238.3,2019-10-14
LRCX.O,242.05,237.76,241.6781,236.8018,243.575,2019-10-15
LRCX.O,234.76,238.0,236.0074,233.76,239.89,2019-10-16
LRCX.O,236.1,238.89,236.8995,235.28,240.29,2019-10-17
LRCX.O,233.7,235.7,233.8216,230.23,235.7,2019-10-18
LRCX.O,238.46,236.98,238.1287,235.25,239.87,2019-10-21
LRCX.O,234.91,239.59,236.4436,234.84,240.045,2019-10-22
LRCX.O,233.18,232.57,232.8949,231.15,235.48,2019-10-23
LRCX.O,265.6,252.45,260.053,251.95,265.85,2019-10-24
LRCX.O,270.05,265.0,268.0812,263.01,270.63,2019-10-25
LRCX.O,281.25,272.54,279.1099,272.1,282.0,2019-10-28
LRCX.O,276.49,280.47,278.3171,275.57,282.88,2019-10-29
LRCX.O,277.56,276.41,276.9796,274.0,278.36,2019-10-30
LRCX.O,271.04,276.79,269.9234,267.23,277.54,2019-10-31
LRCX.O,278.26,273.82,275.8644,272.3037,278.51,2019-11-01
LRCX.O,278.1,280.0,277.6351,274.4052,281.72,2019-11-04
LRCX.O,277.95,279.55,277.8855,274.39,280.82,2019-11-05
LRCX.O,275.51,276.46,273.8941,270.25,276.72,2019-11-06
LRCX.O,181.42,181.66,181.2674,179.42,183.37,2019-06-19
LRCX.O,183.96,185.08,184.0371,182.355,186.49,2019-06-20
LRCX.O,183.03,182.69,183.2399,182.43,185.0,2019-06-21
LRCX.O,181.27,182.09,181.8541,180.61,182.97,2019-06-24
LRCX.O,175.82,181.23,177.8732,175.58,181.62,2019-06-25
LRCX.O,181.28,179.37,181.241,178.59,182.54,2019-06-26
LRCX.O,186.13,182.89,185.4224,182.75,186.79,2019-06-27
LRCX.O,187.84,189.69,187.9176,187.09,189.735,2019-06-28
LRCX.O,191.34,194.57,192.2459,189.12,197.95,2019-07-01
LRCX.O,187.19,190.97,187.011,185.52,190.97,2019-07-02
LRCX.O,184.86,187.39,185.378,184.5919,187.89,2019-07-03
LRCX.O,183.64,183.18,183.041,181.1,184.17,2019-07-05
LRCX.O,181.4,179.2,181.055,178.92,182.42,2019-07-08
LRCX.O,183.08,180.09,182.6126,179.91,184.04,2019-07-09
LRCX.O,184.22,185.35,185.824,183.72,189.58,2019-07-10
LRCX.O,184.89,185.74,183.6584,182.32,185.74,2019-07-11
LRCX.O,191.24,186.47,190.4884,185.47,192.81,2019-07-12
LRCX.O,192.75,192.36,192.3085,191.09,193.74,2019-07-15
LRCX.O,189.81,191.07,190.6438,189.4,192.56,2019-07-16
LRCX.O,191.72,190.45,191.2869,188.11,192.5,2019-07-17
LRCX.O,198.23,193.08,197.5693,192.16,200.1,2019-07-18
LRCX.O,198.47,200.29,199.0029,196.93,200.7978,2019-07-19
LRCX.O,207.21,202.88,206.2389,202.87,207.87,2019-07-22
LRCX.O,209.76,207.6,208.5786,206.36,210.0,2019-07-23
LRCX.O,216.98,210.0,216.157,209.01,218.49,2019-07-24
LRCX.O,210.75,213.68,211.5928,210.07,214.27,2019-07-25
LRCX.O,210.75,211.45,211.4933,209.55,212.9,2019-07-26
LRCX.O,210.82,210.31,210.1423,207.85,211.17,2019-07-29
LRCX.O,211.32,208.63,211.0212,207.56,212.73,2019-07-30
LRCX.O,208.61,210.7,210.3575,206.16,212.36,2019-07-31
LRCX.O,205.76,207.89,211.2793,204.045,217.7,2019-08-01
LRCX.O,204.09,204.32,202.9487,200.47,205.9075,2019-08-02
LRCX.O,193.53,197.76,194.1634,191.62,198.76,2019-08-05
LRCX.O,194.52,197.23,195.3924,193.12,199.66,2019-08-06
LRCX.O,196.43,192.45,195.3317,190.71,197.35,2019-08-07
LRCX.O,201.48,201.01,201.1977,198.37,202.39,2019-08-08
LRCX.O,195.32,199.34,195.9301,194.42,200.28,2019-08-09
LRCX.O,196.31,194.39,195.9139,193.797,197.18,2019-08-12
LRCX.O,205.69,196.31,204.5337,195.09,206.55,2019-08-13
LRCX.O,198.5,199.35,199.0807,197.255,201.54,2019-08-14
LRCX.O,170.41,173.11,170.9851,170.01,173.11,2019-03-13
LRCX.O,176.53,171.0,176.6223,171.0,178.43,2019-03-14
LRCX.O,182.39,181.34,184.1495,180.35,187.96,2019-03-15
LRCX.O,180.2,181.82,180.6006,178.51,183.37,2019-03-18
LRCX.O,179.35,180.28,180.1099,178.99,182.3342,2019-03-19
LRCX.O,175.74,179.17,176.8966,174.6,180.69,2019-03-20
LRCX.O,183.8,175.79,183.6619,175.79,186.585,2019-03-21
LRCX.O,179.45,182.31,180.5259,178.9774,184.44,2019-03-22
LRCX.O,179.09,179.03,178.7001,176.93,180.8,2019-03-25
LRCX.O,180.05,179.74,180.5724,179.0,182.695,2019-03-26
LRCX.O,177.64,180.17,178.0515,177.1,180.8,2019-03-27
LRCX.O,175.68,177.77,175.9589,174.11,178.99,2019-03-28
LRCX.O,179.01,177.77,178.9379,177.08,179.79,2019-03-29
LRCX.O,184.7,182.0,183.4785,181.45,185.01,2019-04-01
LRCX.O,184.26,185.07,184.4456,183.02,185.81,2019-04-02
LRCX.O,191.54,187.63,191.2931,186.23,193.08,2019-04-03
LRCX.O,191.03,189.59,191.3307,189.31,193.82,2019-04-04
LRCX.O,195.15,193.21,194.7161,192.0,195.79,2019-04-05
LRCX.O,193.58,193.6,193.0592,191.34,194.62,2019-04-08
LRCX.O,190.46,191.82,190.5349,189.1658,191.95,2019-04-09
LRCX.O,190.84,189.8,190.6261,188.6,191.6112,2019-04-10
LRCX.O,191.31,191.31,191.888,190.5,193.47,2019-04-11
LRCX.O,194.08,194.11,193.8243,192.47,195.3,2019-04-12
LRCX.O,192.81,193.375,192.2021,189.945,193.375,2019-04-15
LRCX.O,194.62,194.5,195.4071,193.8683,196.88,2019-04-16
LRCX.O,196.29,197.34,195.9068,194.29,197.97,2019-04-17
LRCX.O,194.77,196.73,195.6065,194.47,197.28,2019-04-18
LRCX.O,195.22,196.29,195.0354,193.09,196.75,2019-04-22
LRCX.O,194.78,195.0,194.7013,193.4,196.24,2019-04-23
LRCX.O,195.44,195.15,196.9001,194.59,199.98,2019-04-24
LRCX.O,205.08,203.0,205.8893,202.5006,209.5,2019-04-25
LRCX.O,206.39,203.0,204.3028,199.6,207.19,2019-04-26
LRCX.O,206.12,206.73,206.4991,204.38,207.73,2019-04-29
LRCX.O,207.43,206.23,207.2497,205.2855,208.805,2019-04-30
LRCX.O,203.96,208.04,205.8315,203.89,209.04,2019-05-01
LRCX.O,206.84,203.96,206.3679,203.3966,207.38,2019-05-02
LRCX.O,207.78,207.39,207.4445,206.17,208.81,2019-05-03
LRCX.O,204.54,200.33,203.0511,198.75,205.28,2019-05-06
LRCX.O,199.94,200.89,198.7066,194.85,201.91,2019-05-07
LRCX.O,199.71,198.5,199.8235,197.0933,201.7,2019-05-08
